Link,Image_Link
https://www.coles.com.au/product/fresh-bananas-approx.-180g-each-409499,https://productimages.coles.com.au/productimages/4/409499.jpg
https://www.coles.com.au/product/coles-shepard-avocados-1-each-5900891,https://productimages.coles.com.au/productimages/5/5900891.jpg
https://www.coles.com.au/product/fresh-strawberries-prepacked-250g-5191256,https://productimages.coles.com.au/productimages/5/5191256.jpg
https://www.coles.com.au/product/coles-continental-cucumbers-loose-1-each-4575605,https://productimages.coles.com.au/productimages/4/4575605.jpg
https://www.coles.com.au/product/coles-carrots-prepacked-1kg-1-each-9006560,https://productimages.coles.com.au/productimages/9/9006560.jpg
https://www.coles.com.au/product/coles-raspberries-125g-134029,https://productimages.coles.com.au/productimages/1/134029.jpg
https://www.coles.com.au/product/coles-white-seedless-grapes-loose-approx.-800g-6706395,https://productimages.coles.com.au/productimages/6/6706395.jpg
https://www.coles.com.au/product/coles-broccoli-approx.-340g-each-407755,https://productimages.coles.com.au/productimages/4/407755.jpg
https://www.coles.com.au/product/coles-greenhouse-truss-tomatoes-approx.-140g-each-4628676,https://productimages.coles.com.au/productimages/4/4628676.jpg
https://www.coles.com.au/product/coles-blackberries-prepacked-125g-134040,https://productimages.coles.com.au/productimages/1/134040.jpg
https://www.coles.com.au/product/coles-blueberries-prepacked-125g-5543535,https://productimages.coles.com.au/productimages/5/5543535.jpg
https://www.coles.com.au/product/coles-red-capsicum-approx.-200g-each-4580208,https://productimages.coles.com.au/productimages/4/4580208.jpg
https://www.coles.com.au/product/coles-field-tomatoes-loose-approx.-110g-each-4597109,https://productimages.coles.com.au/productimages/4/4597109.jpg
https://www.coles.com.au/product/coles-green-zucchini-approx.-260g-each-4910506,https://productimages.coles.com.au/productimages/4/4910506.jpg
https://www.coles.com.au/product/coles-seedless-watermelon-cut-approx-1.99-kg-each-7508229,https://productimages.coles.com.au/productimages/7/7508229.jpg
https://www.coles.com.au/product/coles-baby-cos-lettuce-2-pack-4646485,https://productimages.coles.com.au/productimages/4/4646485.jpg
https://www.coles.com.au/product/coles-royal-gala-apples-loose-approx.-160g-each-5226000,https://productimages.coles.com.au/productimages/5/5226000.jpg
https://www.coles.com.au/product/coles-sweet-corn-1-each-4562603,https://productimages.coles.com.au/productimages/4/4562603.jpg
https://www.coles.com.au/product/fresh-brown-onions-loose-approx.-180g-each-4239517,https://productimages.coles.com.au/productimages/4/4239517.jpg
https://www.coles.com.au/product/coles-red-seedless-grapes-approx.-800g-6706191,https://productimages.coles.com.au/productimages/6/6706191.jpg
https://www.coles.com.au/product/coles-sweet-gold-potatoes-loose-approx.-350g-each-4199503,https://productimages.coles.com.au/productimages/4/4199503.jpg
https://www.coles.com.au/product/coles-iceberg-lettuce-1-each-4584071,https://productimages.coles.com.au/productimages/4/4584071.jpg
https://www.coles.com.au/product/coles-yellow-nectarines-approx.-150g-409808,https://productimages.coles.com.au/productimages/4/409808.jpg
https://www.coles.com.au/product/coles-grape-perino-tomatoes-prepacked-200g-7265535,https://productimages.coles.com.au/productimages/7/7265535.jpg
https://www.coles.com.au/product/coles-spring-onions-1-bunch-408419,https://productimages.coles.com.au/productimages/4/408419.jpg
https://www.coles.com.au/product/coles-white-nectarines-approx.-150g-5595663,https://productimages.coles.com.au/productimages/5/5595663.jpg
https://www.coles.com.au/product/coles-lebanese-cucumbers-approx.-210g-4575208,https://productimages.coles.com.au/productimages/4/4575208.jpg
https://www.coles.com.au/product/fresh-medium-navel-oranges-approx.-180g-each-4255717,https://productimages.coles.com.au/productimages/4/4255717.jpg
https://www.coles.com.au/product/coles-brown-onions-1kg-4803991,https://productimages.coles.com.au/productimages/4/4803991.jpg
https://www.coles.com.au/product/coles-red-onions-loose-approx.-200g-each-4218459,https://productimages.coles.com.au/productimages/4/4218459.jpg
https://www.coles.com.au/product/coles-fresh-loose-cup-mushrooms-approx.-200g-4594010,https://productimages.coles.com.au/productimages/4/4594010.jpg
https://www.coles.com.au/product/coles-pink-lady-apples-approx.-200g-each-5111654,https://productimages.coles.com.au/productimages/5/5111654.jpg
https://www.coles.com.au/product/coles-baby-cucumbers-250g-4578148,https://productimages.coles.com.au/productimages/4/4578148.jpg
https://www.coles.com.au/product/coles-carrots-loose-approx.-170g-each-4223335,https://productimages.coles.com.au/productimages/4/4223335.jpg
https://www.coles.com.au/product/coles-keitt-mangoes-1-each-4526847,https://productimages.coles.com.au/productimages/4/4526847.jpg
https://www.coles.com.au/product/coles-creme-gold-washed-potatoes-loose-approx-140g-each-1182162,https://productimages.coles.com.au/productimages/1/1182162.jpg
https://www.coles.com.au/product/coles-green-beans-loose-approx.-200g-407675,https://productimages.coles.com.au/productimages/4/407675.jpg
https://www.coles.com.au/product/coles-green-capsicum-loose-approx.-250g-each-7214862,https://productimages.coles.com.au/productimages/7/7214862.jpg
https://www.coles.com.au/product/coles-baby-broccoli-1-each-5982477,https://productimages.coles.com.au/productimages/5/5982477.jpg
https://www.coles.com.au/product/coles-kids-pack-bananas-750g-2511791,https://productimages.coles.com.au/productimages/2/2511791.jpg
https://www.coles.com.au/product/coles-red-onion-1-kg-1kg-8467604,https://productimages.coles.com.au/productimages/8/8467604.jpg
https://www.coles.com.au/product/coles-cherry-tomatoes-prepacked-250g-4834736,https://productimages.coles.com.au/productimages/4/4834736.jpg
https://www.coles.com.au/product/coles-yellow-peaches-approx.-150g-156713,https://productimages.coles.com.au/productimages/1/156713.jpg
https://www.coles.com.au/product/coles-lettuce-spinach-120g-1499340,https://productimages.coles.com.au/productimages/1/1499340.jpg
https://www.coles.com.au/product/coles-rockmelon-whole-1-each-428915,https://productimages.coles.com.au/productimages/4/428915.jpg
https://www.coles.com.au/product/coles-green-beans-prepacked-500g-3214270,https://productimages.coles.com.au/productimages/3/3214270.jpg
https://www.coles.com.au/product/coles-baby-spinach-60g-1499486,https://productimages.coles.com.au/productimages/1/1499486.jpg
https://www.coles.com.au/product/coles-kent-pumpkin-cut-approx.-900g-each-4202540,https://productimages.coles.com.au/productimages/4/4202540.jpg
https://www.coles.com.au/product/coles-white-peaches-approx.-150g-4552326,https://productimages.coles.com.au/productimages/4/4552326.jpg
https://www.coles.com.au/product/coles-black-plums-approx.-130g-each-5424026,https://productimages.coles.com.au/productimages/5/5424026.jpg
https://www.coles.com.au/product/coles-royal-gala-apples-1kg-1-each-4433462,https://productimages.coles.com.au/productimages/4/4433462.jpg
https://www.coles.com.au/product/fresh-granny-smith-medium-apples-approx.-170g-each-408554,https://productimages.coles.com.au/productimages/4/408554.jpg
https://www.coles.com.au/product/coles-grape-mini-roma-tomatoes-250g-7941197,https://productimages.coles.com.au/productimages/7/7941197.jpg
https://www.coles.com.au/product/coles-william-bartlett-pears-approx.-200g-each-409998,https://productimages.coles.com.au/productimages/4/409998.jpg
https://www.coles.com.au/product/coles-wrapped-butternut-pumpkin-approx.-700g-each-4190600,https://productimages.coles.com.au/productimages/4/4190600.jpg
https://www.coles.com.au/product/coles-cauliflower-medium-1-each-4601603,https://productimages.coles.com.au/productimages/4/4601603.jpg
https://www.coles.com.au/product/coles-4-leaf-salad-mix-200g-8209722,https://productimages.coles.com.au/productimages/8/8209722.jpg
https://www.coles.com.au/product/coles-baby-carrots-prepacked-500g-4236122,https://productimages.coles.com.au/productimages/4/4236122.jpg
https://www.coles.com.au/product/coles-creme-royale-brushed-potatoes-loose-approx.-200g-each-1022610,https://productimages.coles.com.au/productimages/1/1022610.jpg
https://www.coles.com.au/product/coles-garlic-loose-approx.-60g-each-6105715,https://productimages.coles.com.au/productimages/6/6105715.jpg
https://www.coles.com.au/product/coles-black-grapes-approx.-800g-6706282,https://productimages.coles.com.au/productimages/6/6706282.jpg
https://www.coles.com.au/product/coles-green-asparagus-1-each-4838737,https://productimages.coles.com.au/productimages/4/4838737.jpg
https://www.coles.com.au/product/coles-celery-1-bunch-4845732,https://productimages.coles.com.au/productimages/4/4845732.jpg
https://www.coles.com.au/product/coles-sliced-mushrooms-200g-5750960,https://productimages.coles.com.au/productimages/5/5750960.jpg
https://www.coles.com.au/product/coles-ginger-loose-approx.-120g-5034484,https://productimages.coles.com.au/productimages/5/5034484.jpg
https://www.coles.com.au/product/coles-red-royale-potatoes-loose-approx.-170g-each-1181308,https://productimages.coles.com.au/productimages/1/1181308.jpg
https://www.coles.com.au/product/fresh-purple-eggplant-approx.-500g-4583206,https://productimages.coles.com.au/productimages/4/4583206.jpg
https://www.coles.com.au/product/coles-cup-mushrooms-500g-4829838,https://productimages.coles.com.au/productimages/4/4829838.jpg
https://www.coles.com.au/product/coles-asian-choy-pak-1-each-4567039,https://productimages.coles.com.au/productimages/4/4567039.jpg
https://www.coles.com.au/product/wonder-white-bread-wholemeal-plus-iron-700g-5322140,https://productimages.coles.com.au/productimages/5/5322140.jpg
https://www.coles.com.au/product/genius-gluten-free-soft-brioche-rolls-2-pack-3237582,https://productimages.coles.com.au/productimages/3/3237582.jpg
https://www.coles.com.au/product/genius-gluten-free-farmhouse-soft-brown-bread-loaf-535g-3293572,https://productimages.coles.com.au/productimages/3/3293572.jpg
https://www.coles.com.au/product/genius-gluten-free-triple-seeded-soft-rolls-2-pack-3237560,https://productimages.coles.com.au/productimages/3/3237560.jpg
https://www.coles.com.au/product/noshu-95percent-sugar-free-iced-carrot-cakes-180g-4215337,https://productimages.coles.com.au/productimages/4/4215337.jpg
https://www.coles.com.au/product/noshu-97percent-sugar-free-iced-funtella-cakes-180g-4214243,https://productimages.coles.com.au/productimages/4/4214243.jpg
https://www.coles.com.au/product/toscano-traditional-butter-waffles-4-pack-360g-8995056,https://productimages.coles.com.au/productimages/8/8995056.jpg
https://www.coles.com.au/product/toscano-chocolate-crepes-192g-2902427,https://productimages.coles.com.au/productimages/2/2902427.jpg
https://www.coles.com.au/product/toscano-choco-chip-waffles-4-pack-360g-8995067,https://productimages.coles.com.au/productimages/8/8995067.jpg
https://www.coles.com.au/product/toscano-mini-waffles-200g-4986213,https://productimages.coles.com.au/productimages/4/4986213.jpg
https://www.coles.com.au/product/coles-bakery-flatbread-white-6-pack-3259687,https://productimages.coles.com.au/productimages/3/3259687.jpg
https://www.coles.com.au/product/coles-bakery-pancakes-5-pack-5626122,https://productimages.coles.com.au/productimages/5/5626122.jpg
https://www.coles.com.au/product/coles-hot-cross-buns-traditional-fruit-6-pack-8368511,https://productimages.coles.com.au/productimages/8/8368511.jpg
https://www.coles.com.au/product/coles-white-bread-650g-4901345,https://productimages.coles.com.au/productimages/4/4901345.jpg
https://www.coles.com.au/product/wonder-white-bread-+-vitamins-and-mineral-700g-5795130,https://productimages.coles.com.au/productimages/5/5795130.jpg
https://www.coles.com.au/product/coles-bakery-flatbread-wholemeal-6-pack-3259701,https://productimages.coles.com.au/productimages/3/3259701.jpg
https://www.coles.com.au/product/coles-bakery-super-soft-round-rolls-6-pack-4344715,https://productimages.coles.com.au/productimages/4/4344715.jpg
https://www.coles.com.au/product/tip-top-the-one-white-sandwich-bread-700g-8956156,https://productimages.coles.com.au/productimages/8/8956156.jpg
https://www.coles.com.au/product/tip-top-the-one-white-toast-bread-700g-8956189,https://productimages.coles.com.au/productimages/8/8956189.jpg
https://www.coles.com.au/product/coles-soft-wholemeal-sandwich-loaf-650g-3378290,https://productimages.coles.com.au/productimages/3/3378290.jpg
https://www.coles.com.au/product/coles-hot-cross-buns-chocolate-6-pack-4882003,https://productimages.coles.com.au/productimages/4/4882003.jpg
https://www.coles.com.au/product/coles-bakery-croissants-3-pack-189g-7266287,https://productimages.coles.com.au/productimages/7/7266287.jpg
https://www.coles.com.au/product/coles-hot-cross-buns-apple-and-cinnamon-6-pack-2132192,https://productimages.coles.com.au/productimages/2/2132192.jpg
https://www.coles.com.au/product/helga's-traditional-wholemeal-bread-750g-5969435,https://productimages.coles.com.au/productimages/5/5969435.jpg
https://www.coles.com.au/product/coles-turkish-rolls-4-pack-400g-5625017,https://productimages.coles.com.au/productimages/5/5625017.jpg
https://www.coles.com.au/product/coles-high-fibre-wholemeal-bread-700g-4938276,https://productimages.coles.com.au/productimages/4/4938276.jpg
https://www.coles.com.au/product/golden-round-crumpets-6-pack-332383,https://productimages.coles.com.au/productimages/3/332383.jpg
https://www.coles.com.au/product/wonder-white-bread-+-vitamins-toast-700g-5827361,https://productimages.coles.com.au/productimages/5/5827361.jpg
https://www.coles.com.au/product/coles-bakery-stone-baked-by-laurent-pane-di-casa-1-each-8162312,https://productimages.coles.com.au/productimages/8/8162312.jpg
https://www.coles.com.au/product/coles-soft-white-toast-loaf-650g-3378289,https://productimages.coles.com.au/productimages/3/3378289.jpg
https://www.coles.com.au/product/coles-bakery-croissants-4-pack-168g-7266367,https://productimages.coles.com.au/productimages/7/7266367.jpg
https://www.coles.com.au/product/coles-bakery-vegemite-scroll-1-each-2360380,https://productimages.coles.com.au/productimages/2/2360380.jpg
https://www.coles.com.au/product/coles-deli-fresh-tasmanian-salmon-portions-skin-on-approx.-200g-8106800,https://productimages.coles.com.au/productimages/8/8106800.jpg
https://www.coles.com.au/product/coles-rspca-approved-whole-chicken-roast-1-each-2271188,https://productimages.coles.com.au/productimages/2/2271188.jpg
https://www.coles.com.au/product/don-virginian-leg-ham-sliced-approx.-100g-3052929,https://productimages.coles.com.au/productimages/3/3052929.jpg
https://www.coles.com.au/product/coles-deli-rspca-approved-chicken-breast-fillets-approx.-300g-each-2271199,https://productimages.coles.com.au/productimages/2/2271199.jpg
https://www.coles.com.au/product/primo-champagne-leg-ham-approx.-100g-4222321,https://productimages.coles.com.au/productimages/4/4222321.jpg
https://www.coles.com.au/product/coles-deli-don-kabana-1-each-2076604,https://productimages.coles.com.au/productimages/2/2076604.jpg
https://www.coles.com.au/product/don-white-hungarian-salami-approx.-100g-5185446,https://productimages.coles.com.au/productimages/5/5185446.jpg
https://www.coles.com.au/product/primo-middle-bacon-rind-on-approx.-100g-4304255,https://productimages.coles.com.au/productimages/4/4304255.jpg
https://www.coles.com.au/product/bertocchi-natural-hickory-smoked-leg-ham-approx.-100g-7103680,https://productimages.coles.com.au/productimages/7/7103680.jpg
https://www.coles.com.au/product/coles-ham-on-the-bone-approx.-4kg-5495432,https://productimages.coles.com.au/productimages/5/5495432.jpg
https://www.coles.com.au/product/coles-deli-rspca-approved-chicken-thigh-fillets-approx.-150g-each-2272657,https://productimages.coles.com.au/productimages/2/2272657.jpg
https://www.coles.com.au/product/bertocchi-triple-smoked-leg-ham-approx.-100g-1890118,https://productimages.coles.com.au/productimages/1/1890118.jpg
https://www.coles.com.au/product/primo-short-cut-bacon-approx.-250g-4304277,https://productimages.coles.com.au/productimages/4/4304277.jpg
https://www.coles.com.au/product/coles-deli-thawed-raw-peeled-prawn-meat-approx.-250g-3944524,https://productimages.coles.com.au/productimages/3/3944524.jpg
https://www.coles.com.au/product/coles-deli-thawed-raw-black-tiger-prawns-approx.-250g-3954674,https://productimages.coles.com.au/productimages/3/3954674.jpg
https://www.coles.com.au/product/primo-red-gum-honey-leg-ham-approx.-100g-4222343,https://productimages.coles.com.au/productimages/4/4222343.jpg
https://www.coles.com.au/product/coles-deli-express-giant-pitted-kalamata-olives-140g-3066967,https://productimages.coles.com.au/productimages/3/3066967.jpg
https://www.coles.com.au/product/lilydale-chicken-sage-and-onion-roast-1-each-5342715,https://productimages.coles.com.au/productimages/5/5342715.jpg
https://www.coles.com.au/product/coles-silverside-approx.-100g-1472253,https://productimages.coles.com.au/productimages/1/1472253.jpg
https://www.coles.com.au/product/coles-thawed-seafood-marinara-mix-approx.-250g-4377340,https://productimages.coles.com.au/productimages/4/4377340.jpg
https://www.coles.com.au/product/primo-deli-express-chicken-frankfurt-750g-3052601,https://productimages.coles.com.au/productimages/3/3052601.jpg
https://www.coles.com.au/product/arnott's-original-bbq-shapes-175g-2734446,https://productimages.coles.com.au/productimages/2/2734446.jpg
https://www.coles.com.au/product/nestle-mini-egg-bag-500g-4733502,https://productimages.coles.com.au/productimages/4/4733502.jpg
https://www.coles.com.au/product/sanitarium-weet-bix-bites-wild-berry-cereal-500g-4951398,https://productimages.coles.com.au/productimages/4/4951398.jpg
https://www.coles.com.au/product/arnott's-multipack-biscuits-tim-tam-162g-5311290,https://productimages.coles.com.au/productimages/5/5311290.jpg
https://www.coles.com.au/product/arnott's-tiny-teddy-variety-biscuits-15-pack-375g-2992135,https://productimages.coles.com.au/productimages/2/2992135.jpg
https://www.coles.com.au/product/passage-foods-passage-to-india-balti-curry-simmer-sauce-pouch-375g-6836197,https://productimages.coles.com.au/productimages/6/6836197.jpg
https://www.coles.com.au/product/passage-foods-passage-to-india-tikka-masala-simmer-sauce-pouch-375g-4699030,https://productimages.coles.com.au/productimages/4/4699030.jpg
https://www.coles.com.au/product/snickers-chocolate-bar-peanuts-caramel-nougat-44g-245868,https://productimages.coles.com.au/productimages/2/245868.jpg
https://www.coles.com.au/product/arnott's-original-pizza-shapes-190g-2734457,https://productimages.coles.com.au/productimages/2/2734457.jpg
https://www.coles.com.au/product/arnott's-original-savoy-crackers-225g-8638456,https://productimages.coles.com.au/productimages/8/8638456.jpg
https://www.coles.com.au/product/indomie-fried-mi-goreng-instant-noodles-5-pack-85g-9789639,https://productimages.coles.com.au/productimages/9/9789639.jpg
https://www.coles.com.au/product/doritos-corn-chips-supreme-cheese-share-pack-170g-2358333,https://productimages.coles.com.au/productimages/2/2358333.jpg
https://www.coles.com.au/product/sanitarium-weet-bix-breakfast-cereal-1.2kg-9393015,https://productimages.coles.com.au/productimages/9/9393015.jpg
https://www.coles.com.au/product/nestle-kitkat-milk-chocolate-bar-45g-136512,https://productimages.coles.com.au/productimages/1/136512.jpg
https://www.coles.com.au/product/coles-italian-diced-tomatoes-400g-5548754,https://productimages.coles.com.au/productimages/5/5548754.jpg
https://www.coles.com.au/product/arnott's-chicken-crimpy-shapes-175g-8638285,https://productimages.coles.com.au/productimages/8/8638285.jpg
https://www.coles.com.au/product/coles-ultimate-cookies-40percent-chocolate-chip-400g-4953000,https://productimages.coles.com.au/productimages/4/4953000.jpg
https://www.coles.com.au/product/kettle-chilli-potato-chips-165-gram-9139724,https://productimages.coles.com.au/productimages/9/9139724.jpg
https://www.coles.com.au/product/arnott's-original-salada-250g-329800,https://productimages.coles.com.au/productimages/3/329800.jpg
https://www.coles.com.au/product/kettle-sea-salt-potato-chips-165g-8156535,https://productimages.coles.com.au/productimages/8/8156535.jpg
https://www.coles.com.au/product/arnott's-original-chocolate-tim-tam-200g-329607,https://productimages.coles.com.au/productimages/3/329607.jpg
https://www.coles.com.au/product/cadbury-dairy-milk-chocolate-block-180g-2351709,https://productimages.coles.com.au/productimages/2/2351709.jpg
https://www.coles.com.au/product/the-natural-confectionery-co-snakes-230g-5162429,https://productimages.coles.com.au/productimages/5/5162429.jpg
https://www.coles.com.au/product/tyrrells-hand-cooked-lightly-salted-crisps-165g-4383896,https://productimages.coles.com.au/productimages/4/4383896.jpg
https://www.coles.com.au/product/coles-chick-peas-420g-8075852,https://productimages.coles.com.au/productimages/8/8075852.jpg
https://www.coles.com.au/product/arnott's-cheddar-shapes-175g-8638263,https://productimages.coles.com.au/productimages/8/8638263.jpg
https://www.coles.com.au/product/john-west-tempters-chilli-tuna-95g-6044009,https://productimages.coles.com.au/productimages/6/6044009.jpg
https://www.coles.com.au/product/cc's-tasty-cheese-corn-chips-175g-1795365,https://productimages.coles.com.au/productimages/1/1795365.jpg
https://www.coles.com.au/product/pringles-sour-cream-and-onion-potato-chips-134g-2784058,https://productimages.coles.com.au/productimages/2/2784058.jpg
https://www.coles.com.au/product/coles-frozen-fruit-mixed-berries-500g-1301206,https://productimages.coles.com.au/productimages/1/1301206.jpg
https://www.coles.com.au/product/weis-mini-mango-fruit-ice-bars-8-pack-280-ml-5124168,https://productimages.coles.com.au/productimages/5/5124168.jpg
https://www.coles.com.au/product/weis-mango-ice-cream-bars-4-pack-280ml-424685,https://productimages.coles.com.au/productimages/4/424685.jpg
https://www.coles.com.au/product/weis-mango-and-macadamia-ice-cream-bars-4-pack-280ml-4462755,https://productimages.coles.com.au/productimages/4/4462755.jpg
https://www.coles.com.au/product/streets-paddle-pop-rainbow-544ml-3840610,https://productimages.coles.com.au/productimages/3/3840610.jpg
https://www.coles.com.au/product/streets-paddle-pop-chocolate-544ml-3840631,https://productimages.coles.com.au/productimages/3/3840631.jpg
https://www.coles.com.au/product/streets-paddle-pop-banana-544ml-3840595,https://productimages.coles.com.au/productimages/3/3840595.jpg
https://www.coles.com.au/product/haagen-dazs-signature-collection-ice-cream-mini-cups-4-pack-380ml-3817006,https://productimages.coles.com.au/productimages/3/3817006.jpg
https://www.coles.com.au/product/birds-eye-frozen-fish-fillets-with-original-lightly-battered-oven-bake-6-pack-425g-84430,https://productimages.coles.com.au/productimages/8/84430.jpg
https://www.coles.com.au/product/birds-eye-frozen-fish-fillets-with-lemon-crumb-oven-bake-6-pack-425g-80804,https://productimages.coles.com.au/productimages/8/80804.jpg
https://www.coles.com.au/product/luv-a-duck-frozen-whole-duck-2.1kg-4683889,https://productimages.coles.com.au/productimages/4/4683889.jpg
https://www.coles.com.au/product/streets-blue-ribbon-vanilla-ice-cream-tub-2l-207938,https://productimages.coles.com.au/productimages/2/207938.jpg
https://www.coles.com.au/product/peters-drumstick-minis-vanilla-ice-cream-6-pack-490ml-5863445,https://productimages.coles.com.au/productimages/5/5863445.jpg
https://www.coles.com.au/product/streets-golden-gaytime-ice-cream-sticks-4-pack-400ml-9611648,https://productimages.coles.com.au/productimages/9/9611648.jpg
https://www.coles.com.au/product/natures-nutrients-frozen-chopped-spinach-250g-1313760,https://productimages.coles.com.au/productimages/1/1313760.jpg
https://www.coles.com.au/product/coles-frozen-potato-french-fries-1kg-52139,https://productimages.coles.com.au/productimages/5/52139.jpg
https://www.coles.com.au/product/coles-frozen-peas-1kg-399067,https://productimages.coles.com.au/productimages/3/399067.jpg
https://www.coles.com.au/product/coles-frozen-fruit-blueberries-500g-6110023,https://productimages.coles.com.au/productimages/6/6110023.jpg
https://www.coles.com.au/product/coles-frozen-carrots-corn-and-peas-1kg-5300850,https://productimages.coles.com.au/productimages/5/5300850.jpg
https://www.coles.com.au/product/peters-drumstick-vanilla-ice-cream-4-pack-475ml-193844,https://productimages.coles.com.au/productimages/1/193844.jpg
https://www.coles.com.au/product/coles-frozen-broccoli-florets-500g-5341010,https://productimages.coles.com.au/productimages/5/5341010.jpg
https://www.coles.com.au/product/four'n-twenty-frozen-meat-pies-4-pack-700g-5112318,https://productimages.coles.com.au/productimages/5/5112318.jpg
https://www.coles.com.au/product/bulla-splits-multi-flavoured-ice-cream-sticks-10-pack-750ml-5892294,https://productimages.coles.com.au/productimages/5/5892294.jpg
https://www.coles.com.au/product/coles-frozen-hash-browns-potatoes-1kg-9728215,https://productimages.coles.com.au/productimages/9/9728215.jpg
https://www.coles.com.au/product/coles-frozen-corn-kernels-1kg-203642,https://productimages.coles.com.au/productimages/2/203642.jpg
https://www.coles.com.au/product/coles-frozen-fruit-raspberries-500g-6109975,https://productimages.coles.com.au/productimages/6/6109975.jpg
https://www.coles.com.au/product/zooper-dooper-8-cosmic-flavours-water-ice-70ml-tubes-24-pack-198393,https://productimages.coles.com.au/productimages/1/198393.jpg
https://www.coles.com.au/product/drumstick-ice-cream-super-choc-4pack-475ml-5197274,https://productimages.coles.com.au/productimages/5/5197274.jpg
https://www.coles.com.au/product/drumstick-boysenberry-ice-cream-4-pack-475ml-9360854,https://productimages.coles.com.au/productimages/9/9360854.jpg
https://www.coles.com.au/product/kb-tempura-prawns-300g-3616478,https://productimages.coles.com.au/productimages/3/3616478.jpg
https://www.coles.com.au/product/bulla-crunch-multi-flavoured-ice-cream-sticks-8-pack-631ml-5974719,https://productimages.coles.com.au/productimages/5/5974719.jpg
https://www.coles.com.au/product/coles-frozen-fruit-mango-500g-5513320,https://productimages.coles.com.au/productimages/5/5513320.jpg
https://www.coles.com.au/product/coles-cotton-make-up-pads-round-80-pack-3751134,https://productimages.coles.com.au/productimages/3/3751134.jpg
https://www.coles.com.au/product/neutrogena-oil-free-acne-wash-pink-grapefruit-facial-cleanser-175ml-7703767,https://productimages.coles.com.au/productimages/7/7703767.jpg
https://www.coles.com.au/product/gillette-venus-deluxe-smooth-sensitive-women's-razor-+2-blade-1-pack-4359600,https://productimages.coles.com.au/productimages/4/4359600.jpg
https://www.coles.com.au/product/always-discreet-normal-incontinence-pads-12-pack-3757174,https://productimages.coles.com.au/productimages/3/3757174.jpg
https://www.coles.com.au/product/schick-hydro-silk-razor-and-blade-kit-1-pack-9849763,https://productimages.coles.com.au/productimages/9/9849763.jpg
https://www.coles.com.au/product/first-response-pregnancy-test-instream-1-pack-3733733,https://productimages.coles.com.au/productimages/3/3733733.jpg
https://www.coles.com.au/product/oral-b-pro-1500-electric-toothbrush-with-travel-case-1-pack-4504298,https://productimages.coles.com.au/productimages/4/4504298.jpg
https://www.coles.com.au/product/libra-goodnights-extra-long-with-wings-pads-10-pack-5531401,https://productimages.coles.com.au/productimages/5/5531401.jpg
https://www.coles.com.au/product/libra-original-regular-tampons-16-pack-459533,https://productimages.coles.com.au/productimages/4/459533.jpg
https://www.coles.com.au/product/dove-triple-moisturising-body-wash-1l-8152068,https://productimages.coles.com.au/productimages/8/8152068.jpg
https://www.coles.com.au/product/u-by-kotex-ultrathin-pads-regular-with-wings-14-pack-9499005,https://productimages.coles.com.au/productimages/9/9499005.jpg
https://www.coles.com.au/product/u-by-kotex-ultrathin-pads-super-with-wings-12-pack-9498523,https://productimages.coles.com.au/productimages/9/9498523.jpg
https://www.coles.com.au/product/colgate-total-advanced-clean-toothpaste-200g-3400887,https://productimages.coles.com.au/productimages/3/3400887.jpg
https://www.coles.com.au/product/listerine-freshburst-antibacterial-mouthwash-500ml-7945303,https://productimages.coles.com.au/productimages/7/7945303.jpg
https://www.coles.com.au/product/u-by-kotex-ultrathin-overnight-pads-long-with-wings-8-pack-3223329,https://productimages.coles.com.au/productimages/3/3223329.jpg
https://www.coles.com.au/product/colgate-total-advanced-fresh-multi-benefit-toothpaste-200g-3400912,https://productimages.coles.com.au/productimages/3/3400912.jpg
https://www.coles.com.au/product/u-by-kotex-extra-overnight-pads-long-with-wings-8-pack-3223330,https://productimages.coles.com.au/productimages/3/3223330.jpg
https://www.coles.com.au/product/coles-cotton-wool-tips-paper-stem-400-pack-3751156,https://productimages.coles.com.au/productimages/3/3751156.jpg
https://www.coles.com.au/product/panadol-rapid-caplets-for-pain-relief-paracetamol-500mg-20-pack-1488300,https://productimages.coles.com.au/productimages/1/1488300.jpg
https://www.coles.com.au/product/u-by-kotex-ultrathin-overnight-pads-with-wings-10-pack-1721493,https://productimages.coles.com.au/productimages/1/1721493.jpg
https://www.coles.com.au/product/coles-paracetamol-caplets-20-pack-1483920,https://productimages.coles.com.au/productimages/1/1483920.jpg
https://www.coles.com.au/product/u-by-kotex-extra-overnight-pads-with-wings-10-pack-9500240,https://productimages.coles.com.au/productimages/9/9500240.jpg
https://www.coles.com.au/product/libra-pads-ultra-thin-regular-wings-14-pack-6811527,https://productimages.coles.com.au/productimages/6/6811527.jpg
https://www.coles.com.au/product/colgate-multi-benefit-advanced-whitening-toothpaste-200g-3400956,https://productimages.coles.com.au/productimages/3/3400956.jpg
https://www.coles.com.au/product/libra-pads-ultra-thin-super-wing-12-pack-6811505,https://productimages.coles.com.au/productimages/6/6811505.jpg
https://www.coles.com.au/product/u-by-kotex-designer-series-pads-regular-with-wings-22-pack-1719527,https://productimages.coles.com.au/productimages/1/1719527.jpg
https://www.coles.com.au/product/coles-ibuprofen-tablets-200mg-24-pack-6181702,https://productimages.coles.com.au/productimages/6/6181702.jpg
https://www.coles.com.au/product/swisspers-cotton-round-make-up-pads-80-pack-5232014,https://productimages.coles.com.au/productimages/5/5232014.jpg
https://www.coles.com.au/product/coles-biodegradable-sensitive-3-in-1-facial-cleansing-wipes-30-pack-4339318,https://productimages.coles.com.au/productimages/4/4339318.jpg
https://www.coles.com.au/product/libra-goodnights-ultra-thin-pads-10-pack-8536853,https://productimages.coles.com.au/productimages/8/8536853.jpg
https://www.coles.com.au/product/coles-australian-full-cream-long-life-milk-1l-7667368,https://productimages.coles.com.au/productimages/7/7667368.jpg
https://www.coles.com.au/product/pepsi-soft-drink-pepsi-cola-max-24-pack-7366022,https://productimages.coles.com.au/productimages/7/7366022.jpg
https://www.coles.com.au/product/schweppes-lemonade-soft-drink-24x375ml-24-pack-9391552,https://productimages.coles.com.au/productimages/9/9391552.jpg
https://www.coles.com.au/product/schweppes-sunkist-zero-sugar-soft-drink-24-pack-4405398,https://productimages.coles.com.au/productimages/4/4405398.jpg
https://www.coles.com.au/product/pepsi-max-soft-drink-375ml-can-30-pack-7837413,https://productimages.coles.com.au/productimages/7/7837413.jpg
https://www.coles.com.au/product/solo-original-lemon-thirst-crusher-multipack-cans-375ml-30-pack-7837402,https://productimages.coles.com.au/productimages/7/7837402.jpg
https://www.coles.com.au/product/coca-cola-classic-soft-drink-multipack-cans-10-x-375ml-10-pack-1849307,https://productimages.coles.com.au/productimages/1/1849307.jpg
https://www.coles.com.au/product/coca-cola-no-sugar-soft-drink-multipack-cans-10-x-375ml-10-pack-2993739,https://productimages.coles.com.au/productimages/2/2993739.jpg
https://www.coles.com.au/product/mount-franklin-lightly-sparkling-water-watermelon-10-pack-5623601,https://productimages.coles.com.au/productimages/5/5623601.jpg
https://www.coles.com.au/product/pop-tops-apple-blackcurrant-fruit-drink-multipack-250ml-6-pack-8147374,https://productimages.coles.com.au/productimages/8/8147374.jpg
https://www.coles.com.au/product/coles-spring-water-24x600ml-24-pack-7906946,https://productimages.coles.com.au/productimages/7/7906946.jpg
https://www.coles.com.au/product/coles-soda-water-1.25l-8836879,https://productimages.coles.com.au/productimages/8/8836879.jpg
https://www.coles.com.au/product/coles-natural-mineral-water-1.25l-8836835,https://productimages.coles.com.au/productimages/8/8836835.jpg
https://www.coles.com.au/product/coca-cola-classic-soft-drink-bottle-1.25l-123011,https://productimages.coles.com.au/productimages/1/123011.jpg
https://www.coles.com.au/product/coles-natural-spring-water-1.5l-4874490,https://productimages.coles.com.au/productimages/4/4874490.jpg
https://www.coles.com.au/product/coca-cola-no-sugar-soft-drink-bottle-1.25l-2993706,https://productimages.coles.com.au/productimages/2/2993706.jpg
https://www.coles.com.au/product/mount-franklin-spring-water-bottle-600ml-7014331,https://productimages.coles.com.au/productimages/7/7014331.jpg
https://www.coles.com.au/product/coles-australian-lite-long-life-milk-1l-7239433,https://productimages.coles.com.au/productimages/7/7239433.jpg
https://www.coles.com.au/product/pump-spring-water-bottle-750ml-8966590,https://productimages.coles.com.au/productimages/8/8966590.jpg
https://www.coles.com.au/product/coca-cola-classic-soft-drink-bottle-2l-191736,https://productimages.coles.com.au/productimages/1/191736.jpg
https://www.coles.com.au/product/devondale-full-cream-long-life-milk-1l-301721,https://productimages.coles.com.au/productimages/3/301721.jpg
https://www.coles.com.au/product/sanitarium-so-good-long-life-regular-soy-milk-1l-403029,https://productimages.coles.com.au/productimages/4/403029.jpg
https://www.coles.com.au/product/coles-australian-skim-long-life-milk-1l-7667244,https://productimages.coles.com.au/productimages/7/7667244.jpg
https://www.coles.com.au/product/pepsi-max-soft-drink-2l-5441783,https://productimages.coles.com.au/productimages/5/5441783.jpg
https://www.coles.com.au/product/nudie-pulp-free-oranges-juice-chilled-2l-8738439,https://productimages.coles.com.au/productimages/8/8738439.jpg
https://www.coles.com.au/product/coles-natural-spring-water-350ml-24-pack-6103549,https://productimages.coles.com.au/productimages/6/6103549.jpg
https://www.coles.com.au/product/coles-full-cream-milk-powder-1kg-7910535,https://productimages.coles.com.au/productimages/7/7910535.jpg
https://www.coles.com.au/product/pepsi-max-cola-600ml-9107681,https://productimages.coles.com.au/productimages/9/9107681.jpg
https://www.coles.com.au/product/golden-circle-mango-nectar-2l-7796225,https://productimages.coles.com.au/productimages/7/7796225.jpg
https://www.coles.com.au/product/schweppes-lemon-lime-bitters-soda-mixers-1.1l-3014839,https://productimages.coles.com.au/productimages/3/3014839.jpg
https://www.coles.com.au/product/nudie-pulp-oranges-juice-chilled-2l-7895759,https://productimages.coles.com.au/productimages/7/7895759.jpg
https://www.coles.com.au/product/coles-lactose-free-long-life-full-cream-milk-1l-1850656,https://productimages.coles.com.au/productimages/1/1850656.jpg
https://www.coles.com.au/product/coles-drink-soy-regular-1l-4499631,https://productimages.coles.com.au/productimages/4/4499631.jpg
https://www.coles.com.au/product/coca-cola-classic-soft-drink-multipack-cans-30-x-375ml-30-pack-8464796,https://productimages.coles.com.au/productimages/8/8464796.jpg
https://www.coles.com.au/product/coles-spring-water-8x1.5l-8-pack-7906196,https://productimages.coles.com.au/productimages/7/7906196.jpg
https://www.coles.com.au/product/sanitarium-so-good-long-life-unsweetened-almond-milk-1l-1260754,https://productimages.coles.com.au/productimages/1/1260754.jpg
https://www.coles.com.au/product/golden-circle-100percent-apple-juice-no-added-sugar-fruit-juice-2l-5487456,https://productimages.coles.com.au/productimages/5/5487456.jpg
https://www.coles.com.au/product/coca-cola-no-sugar-soft-drink-bottle-2l-3029790,https://productimages.coles.com.au/productimages/3/3029790.jpg
https://www.coles.com.au/product/coles-apple-juice-2l-2531530,https://productimages.coles.com.au/productimages/2/2531530.jpg
https://www.coles.com.au/product/bonsoy-soy-milk-1l-5357053,https://productimages.coles.com.au/productimages/5/5357053.jpg
https://www.coles.com.au/product/pepsi-soft-drink-pepsi-cola-max-24-pack-7366022,https://productimages.coles.com.au/productimages/7/7366022.jpg
https://www.coles.com.au/product/coca-cola-no-sugar-soft-drink-multipack-cans-30-x-375ml-30-pack-8464810,https://productimages.coles.com.au/productimages/8/8464810.jpg
https://www.coles.com.au/product/coles-lactose-free-uht-low-fat-milk-1l-1850667,https://productimages.coles.com.au/productimages/1/1850667.jpg
https://www.coles.com.au/product/v-energy-drink-can-250ml-8737185,https://productimages.coles.com.au/productimages/8/8737185.jpg
https://www.coles.com.au/product/coles-orange-juice-2l-2531551,https://productimages.coles.com.au/productimages/2/2531551.jpg
https://www.coles.com.au/product/vitasoy-uht-oat-milk-1l-7292254,https://productimages.coles.com.au/productimages/7/7292254.jpg
https://www.coles.com.au/product/coca-cola-no-sugar-soft-drink-multipack-cans-10-x-375ml-10-pack-2993739,https://productimages.coles.com.au/productimages/2/2993739.jpg
https://www.coles.com.au/product/coles-orange-juice-chilled-2l-2690908,https://productimages.coles.com.au/productimages/2/2690908.jpg
https://www.coles.com.au/product/coca-cola-classic-soft-drink-multipack-mini-cans-6x250ml-6-pack-4398689,https://productimages.coles.com.au/productimages/4/4398689.jpg
https://www.coles.com.au/product/devondale-full-cream-long-life-milk-6-pack-1.2l-5984520,https://productimages.coles.com.au/productimages/5/5984520.jpg
https://www.coles.com.au/product/coles-diet-lemonade-soft-drink-1.25l-5179160,https://productimages.coles.com.au/productimages/5/5179160.jpg
https://www.coles.com.au/product/sanitarium-so-good-long-life-original-almond-milk-1l-9089036,https://productimages.coles.com.au/productimages/9/9089036.jpg
https://www.coles.com.au/product/daily-juice-pulp-free-no-added-sugar-orange-juice-2l-5738160,https://productimages.coles.com.au/productimages/5/5738160.jpg
https://www.coles.com.au/product/coles-orange-juice-chilled-3l-9485565,https://productimages.coles.com.au/productimages/9/9485565.jpg
https://www.coles.com.au/product/devondale-semi-skim-long-life-milk-1l-4824856,https://productimages.coles.com.au/productimages/4/4824856.jpg
https://www.coles.com.au/product/nudie-double-pulp-orange-juice-chilled-2l-2802921,https://productimages.coles.com.au/productimages/2/2802921.jpg
https://www.coles.com.au/product/schweppes-lemonade-1.1l-3270191,https://productimages.coles.com.au/productimages/3/3270191.jpg
https://www.coles.com.au/product/mount-franklin-lightly-sparkling-water-lime-1.25l-9886657,https://productimages.coles.com.au/productimages/9/9886657.jpg
https://www.coles.com.au/product/coca-cola-no-sugar-soft-drink-multipack-mini-cans-6x250ml-6-pack-4398690,https://productimages.coles.com.au/productimages/4/4398690.jpg
https://www.coles.com.au/product/lipton-peach-ice-tea-500ml-9446315,https://productimages.coles.com.au/productimages/9/9446315.jpg
https://www.coles.com.au/product/devondale-moo-chocolate-flavoured-multipack-milk-200ml-6-pack-1262240,https://productimages.coles.com.au/productimages/1/1262240.jpg
https://www.coles.com.au/product/schweppes-tonic-water-mixers-1.1l-3014806,https://productimages.coles.com.au/productimages/3/3014806.jpg
https://www.coles.com.au/product/original-juice-co.-black-label-chilled-orange-juice-1.5l-8190089,https://productimages.coles.com.au/productimages/8/8190089.jpg
https://www.coles.com.au/product/que-cola-soft-drink-1.25l-3243541,https://productimages.coles.com.au/productimages/3/3243541.jpg
https://www.coles.com.au/product/schweppes-agrum-blood-orange-mixers-1.1l-3014850,https://productimages.coles.com.au/productimages/3/3014850.jpg
https://www.coles.com.au/product/coles-apple-juice-3l-1882506,https://productimages.coles.com.au/productimages/1/1882506.jpg
https://www.coles.com.au/product/coles-natural-coconut-water-1l-3277452,https://productimages.coles.com.au/productimages/3/3277452.jpg
https://www.coles.com.au/product/coles-water-12x600ml-12-pack-4661649,https://productimages.coles.com.au/productimages/4/4661649.jpg
https://www.coles.com.au/product/bundaberg-ginger-beer-bottles-375ml-4-pack-5595856,https://productimages.coles.com.au/productimages/5/5595856.jpg
https://www.coles.com.au/product/red-bull-energy-drink-4x250ml-4-pack-9043363,https://productimages.coles.com.au/productimages/9/9043363.jpg
https://www.coles.com.au/product/coca-cola-classic-soft-drink-multipack-cans-10-x-375ml-10-pack-1849307,https://productimages.coles.com.au/productimages/1/1849307.jpg
https://www.coles.com.au/product/sprite-lemonade-soft-drink-bottle-1.25l-401657,https://productimages.coles.com.au/productimages/4/401657.jpg
https://www.coles.com.au/product/sprite-lemonade-soft-drink-bottle-2l-438894,https://productimages.coles.com.au/productimages/4/438894.jpg
https://www.coles.com.au/product/gatorade-berry-no-sugar-sport-drink-600ml-3989533,https://productimages.coles.com.au/productimages/3/3989533.jpg
https://www.coles.com.au/product/gatorade-fierce-grape-sport-drink-600ml-8729937,https://productimages.coles.com.au/productimages/8/8729937.jpg
https://www.coles.com.au/product/coles-water-spring-natural-10l-4874479,https://productimages.coles.com.au/productimages/4/4874479.jpg
https://www.coles.com.au/product/golden-circle-100percent-orange-juice-no-added-sugar-fruit-juices-oj-2l-5487445,https://productimages.coles.com.au/productimages/5/5487445.jpg
https://www.coles.com.au/product/gatorade-orange-ice-sports-drink-600ml-5594671,https://productimages.coles.com.au/productimages/5/5594671.jpg
https://www.coles.com.au/product/nescafe-strong-cappuccino-coffee-sachets-10-pack-5694097,https://productimages.coles.com.au/productimages/5/5694097.jpg
https://www.coles.com.au/product/nescafe-cappuccino-coffee-sachets-10-pack-9577540,https://productimages.coles.com.au/productimages/9/9577540.jpg
https://www.coles.com.au/product/the-juice-brothers-orange-juice-1.5l-3183778,https://productimages.coles.com.au/productimages/3/3183778.jpg
https://www.coles.com.au/product/mount-franklin-lightly-sparkling-water-natural-1.25l-324385,https://productimages.coles.com.au/productimages/3/324385.jpg
https://www.coles.com.au/product/coles-rspca-approved-chicken-breast-fillets-large-pack-approx.-1.4kg-2263179,https://productimages.coles.com.au/productimages/2/2263179.jpg
https://www.coles.com.au/product/tassal-salmon-portions-skin-on-300g-5285371,https://productimages.coles.com.au/productimages/5/5285371.jpg
https://www.coles.com.au/product/tassal-fresh-tassie-salmon-portions-skin-off-300g-5285280,https://productimages.coles.com.au/productimages/5/5285280.jpg
https://www.coles.com.au/product/primo-gourmet-caramelised-onion-pork-sausage-450g-3768352,https://productimages.coles.com.au/productimages/3/3768352.jpg
https://www.coles.com.au/product/primo-gourmet-world-flavours-german-bratwurst-sausage-450g-4469346,https://productimages.coles.com.au/productimages/4/4469346.jpg
https://www.coles.com.au/product/primo-beef-with-cracked-black-pepper-450g-5175169,https://productimages.coles.com.au/productimages/5/5175169.jpg
https://www.coles.com.au/product/primo-gourmet-beef-and-pork-chorizo-sausage-450g-3768374,https://productimages.coles.com.au/productimages/3/3768374.jpg
https://www.coles.com.au/product/primo-pork-with-caramelised-garlic-chives-sausages-450g-5704190,https://productimages.coles.com.au/productimages/5/5704190.jpg
https://www.coles.com.au/product/primo-gourmet-world-flavours-south-african-boerewors-450g-4469313,https://productimages.coles.com.au/productimages/4/4469313.jpg
https://www.coles.com.au/product/huon-premium-cold-smoked-salmon-100g-6561805,https://productimages.coles.com.au/productimages/6/6561805.jpg
https://www.coles.com.au/product/coles-deli-fresh-tasmanian-salmon-portions-skin-on-approx.-200g-8106800,https://productimages.coles.com.au/productimages/8/8106800.jpg
https://www.coles.com.au/product/coles-beef-3-star-regular-mince-500g-8850188,https://productimages.coles.com.au/productimages/8/8850188.jpg
https://www.coles.com.au/product/coles-beef-4-star-lean-mince-500g-8850450,https://productimages.coles.com.au/productimages/8/8850450.jpg
https://www.coles.com.au/product/coles-rspca-approved-chicken-thigh-fillets-large-pack-approx.-1.2kg-each-2263328,https://productimages.coles.com.au/productimages/2/2263328.jpg
https://www.coles.com.au/product/coles-tasmanian-salmon-portions-skin-on-460g-1546564,https://productimages.coles.com.au/productimages/1/1546564.jpg
https://www.coles.com.au/product/coles-pork-regular-mince-500g-8782554,https://productimages.coles.com.au/productimages/8/8782554.jpg
https://www.coles.com.au/product/coles-pork-and-beef-3-star-mince-bolognese-500g-8782725,https://productimages.coles.com.au/productimages/8/8782725.jpg
https://www.coles.com.au/product/coles-rspca-approved-chicken-drumsticks-large-pack-approx.-1.6kg-2923835,https://productimages.coles.com.au/productimages/2/2923835.jpg
https://www.coles.com.au/product/coles-beef-5-star-extra-lean-mince-500g-8850654,https://productimages.coles.com.au/productimages/8/8850654.jpg
https://www.coles.com.au/product/coles-deli-rspca-approved-chicken-breast-fillets-approx.-300g-each-2271199,https://productimages.coles.com.au/productimages/2/2271199.jpg
https://www.coles.com.au/product/coles-beef-3-star-regular-mince-1kg-8850814,https://productimages.coles.com.au/productimages/8/8850814.jpg
https://www.coles.com.au/product/coles-rspca-approved-free-range-chicken-breast-large-pack-approx.-1.25kg-3227410,https://productimages.coles.com.au/productimages/3/3227410.jpg
https://www.coles.com.au/product/luv-a-duck-frozen-whole-duck-2.1kg-4683889,https://productimages.coles.com.au/productimages/4/4683889.jpg
https://www.coles.com.au/product/lilydale-free-range-chicken-breast-fillets-bulk-pack-approx.-1kg-each-2303750,https://productimages.coles.com.au/productimages/2/2303750.jpg
https://www.coles.com.au/product/coles-beef-4-star-lean-mince-800g-3449773,https://productimages.coles.com.au/productimages/3/3449773.jpg
https://www.coles.com.au/product/coles-rspca-approved-chicken-breast-fillets-small-pack-approx.-600g-2263168,https://productimages.coles.com.au/productimages/2/2263168.jpg
https://www.coles.com.au/product/coles-deli-rspca-approved-chicken-thigh-fillets-approx.-150g-each-2272657,https://productimages.coles.com.au/productimages/2/2272657.jpg
https://www.coles.com.au/product/coles-deli-thawed-raw-peeled-prawn-meat-approx.-250g-3944524,https://productimages.coles.com.au/productimages/3/3944524.jpg
https://www.coles.com.au/product/coles-free-range-rspca-approved-chicken-drumsticks-approx.-1.4kg-3228774,https://productimages.coles.com.au/productimages/3/3228774.jpg
https://www.coles.com.au/product/coles-rspca-approved-chicken-breast-mince-500g-8428646,https://productimages.coles.com.au/productimages/8/8428646.jpg
https://www.coles.com.au/product/lilydale-free-range-chicken-drumsticks-bulk-pack-approx.-1kg-each-2303852,https://productimages.coles.com.au/productimages/2/2303852.jpg
https://www.coles.com.au/product/coles-rspca-approved-chicken-mince-500g-4352145,https://productimages.coles.com.au/productimages/4/4352145.jpg
https://www.coles.com.au/product/coles-the-original-beef-sausages-550g-3923626,https://productimages.coles.com.au/productimages/3/3923626.jpg
https://www.coles.com.au/product/coles-deli-thawed-raw-black-tiger-prawns-approx.-250g-3954674,https://productimages.coles.com.au/productimages/3/3954674.jpg
https://www.coles.com.au/product/coles-tasmanian-salmon-portions-skin-off-460g-3613822,https://productimages.coles.com.au/productimages/3/3613822.jpg
https://www.coles.com.au/product/coles-butcher-lamb-leg-roast-boneless-approx.-1.08kg-9206887,https://productimages.coles.com.au/productimages/9/9206887.jpg
https://www.coles.com.au/product/coles-thawed-seafood-marinara-mix-approx.-250g-4377340,https://productimages.coles.com.au/productimages/4/4377340.jpg
https://www.coles.com.au/product/coles-rspca-approved-free-range-chicken-thigh-large-pack-approx.-1.25kg-3228800,https://productimages.coles.com.au/productimages/3/3228800.jpg
https://www.coles.com.au/product/coles-rspca-approved-free-range-chicken-whole-approx.-1.6kg-3228810,https://productimages.coles.com.au/productimages/3/3228810.jpg
https://www.coles.com.au/product/coles-butcher-lamb-forequarter-chops-approx.-1.177kg-8599208,https://productimages.coles.com.au/productimages/8/8599208.jpg
https://www.coles.com.au/product/coles-rspca-approved-chicken-wing-nibbles-approx.-1.1kg-2021544,https://productimages.coles.com.au/productimages/2/2021544.jpg
https://www.coles.com.au/product/coles-butcher-lamb-forequarter-chops-approx.-500g-8599241,https://productimages.coles.com.au/productimages/8/8599241.jpg
https://www.coles.com.au/product/coles-deli-thawed-cooked-vannamei-prawns-approx.-250g-4273050,https://productimages.coles.com.au/productimages/4/4273050.jpg
https://www.coles.com.au/product/coles-no-added-hormone-beef-quick-cook-scotch-fillet-steak-170g-3293594,https://productimages.coles.com.au/productimages/3/3293594.jpg
https://www.coles.com.au/product/coles-lamb-cutlets-approx.-775g-6546890,https://productimages.coles.com.au/productimages/6/6546890.jpg
https://www.coles.com.au/product/coles-deli-rspca-approved-chicken-drumsticks-approx.-160g-2271643,https://productimages.coles.com.au/productimages/2/2271643.jpg
https://www.coles.com.au/product/coles-extra-lean-pork-mince-500g-8782430,https://productimages.coles.com.au/productimages/8/8782430.jpg
https://www.coles.com.au/product/coles-deli-thawed-australian-msc-raw-banana-prawns-approx.-250g-8836813,https://productimages.coles.com.au/productimages/8/8836813.jpg
https://www.coles.com.au/product/coles-chicken-sage-and-thyme-sausages-550g-3923648,https://productimages.coles.com.au/productimages/3/3923648.jpg
https://www.coles.com.au/product/coles-rspca-approved-free-range-chicken-wing-nibbles-approx.-600g-3228832,https://productimages.coles.com.au/productimages/3/3228832.jpg
https://www.coles.com.au/product/coles-rspca-approved-chicken-tenderloins-approx.-600g-each-2263306,https://productimages.coles.com.au/productimages/2/2263306.jpg
https://www.coles.com.au/product/coles-no-added-hormone-beef-porterhouse-steak-2-pack-450g-4997140,https://productimages.coles.com.au/productimages/4/4997140.jpg
https://www.coles.com.au/product/coles-no-added-hormone-beef-sandwich-steak-400g-3293379,https://productimages.coles.com.au/productimages/3/3293379.jpg
https://www.coles.com.au/product/lilydale-free-range-chicken-breast-fillets-small-pack-approx.-600g-each-8227768,https://productimages.coles.com.au/productimages/8/8227768.jpg
https://www.coles.com.au/product/coles-rspca-approved-medium-whole-chicken-approx.-1.65kg-2782438,https://productimages.coles.com.au/productimages/2/2782438.jpg
https://www.coles.com.au/product/lilydale-free-range-chicken-tenderloins-500g-1833384,https://productimages.coles.com.au/productimages/1/1833384.jpg
https://www.coles.com.au/product/coles-deli-thawed-basa-fillets-approx.-200g-each-9398755,https://productimages.coles.com.au/productimages/9/9398755.jpg
https://www.coles.com.au/product/farms-beef-mince-family-pack-approx.-1.9kg-4474528,https://productimages.coles.com.au/productimages/4/4474528.jpg
https://www.coles.com.au/product/coles-lamb-cutlets-approx.-320g-3305070,https://productimages.coles.com.au/productimages/3/3305070.jpg
https://www.coles.com.au/product/coles-lamb-leg-roast-half-approx.-1.74kg-9246065,https://productimages.coles.com.au/productimages/9/9246065.jpg
https://www.coles.com.au/product/coles-beef-sizzle-steak-400g-1832188,https://productimages.coles.com.au/productimages/1/1832188.jpg
https://www.coles.com.au/product/coles-pork-spare-ribs-rr-11x9-large-tray-approx.-800g-8600952,https://productimages.coles.com.au/productimages/8/8600952.jpg
https://www.coles.com.au/product/coles-beef-stir-fry-strips-500g-9990965,https://productimages.coles.com.au/productimages/9/9990965.jpg
https://www.coles.com.au/product/coles-beef-eye-fillet-steak-approx.-450g-8599569,https://productimages.coles.com.au/productimages/8/8599569.jpg
https://www.coles.com.au/product/coles-beef-chuck-casserole-steak-approx.-900g-3537655,https://productimages.coles.com.au/productimages/3/3537655.jpg
https://www.coles.com.au/product/coles-rspca-approved-extra-large-whole-chicken-approx.-2.4kg-each-9196739,https://productimages.coles.com.au/productimages/9/9196739.jpg
https://www.coles.com.au/product/lilydale-free-range-whole-chicken-approx.-1.27kg-each-7607184,https://productimages.coles.com.au/productimages/7/7607184.jpg
https://www.coles.com.au/product/coles-no-added-hormone-beef-rump-medallions-300g-4678903,https://productimages.coles.com.au/productimages/4/4678903.jpg
https://www.coles.com.au/product/coles-beef-garlic-and-herb-sausages-550g-3923681,https://productimages.coles.com.au/productimages/3/3923681.jpg
https://www.coles.com.au/product/coles-beef-fillet-steak-small-approx.-300g-4996680,https://productimages.coles.com.au/productimages/4/4996680.jpg
https://www.coles.com.au/product/coles-quick-cook-pork-belly-slices-350g-3588816,https://productimages.coles.com.au/productimages/3/3588816.jpg
https://www.coles.com.au/product/coles-graze-grass-fed-beef-mince-500g-2024280,https://productimages.coles.com.au/productimages/2/2024280.jpg
https://www.coles.com.au/product/coles-tasmanian-salmon-portions-skin-on-280g-2878130,https://productimages.coles.com.au/productimages/2/2878130.jpg
https://www.coles.com.au/product/steggles-turkey-mince-500g-9277808,https://productimages.coles.com.au/productimages/9/9277808.jpg
https://www.coles.com.au/product/coles-no-added-hormone-beef-scotch-fillet-thin-sliced-400g-3581963,https://productimages.coles.com.au/productimages/3/3581963.jpg
https://www.coles.com.au/product/coles-no-added-hormone-beef-quick-cook-porterhouse-steak-180g-3293583,https://productimages.coles.com.au/productimages/3/3293583.jpg
https://www.coles.com.au/product/lilydale-chicken-breast-schnitzels-400g-2829699,https://productimages.coles.com.au/productimages/2/2829699.jpg
https://www.coles.com.au/product/coles-rspca-approved-chicken-thigh-fillets-small-pack-approx.-700g-2263317,https://productimages.coles.com.au/productimages/2/2263317.jpg
https://www.coles.com.au/product/coles-pork-ribs-bbq-approx.-1.2kg-2747131,https://productimages.coles.com.au/productimages/2/2747131.jpg
https://www.coles.com.au/product/coles-beef-scotch-steak-fillet-2-pack-480g-4997220,https://productimages.coles.com.au/productimages/4/4997220.jpg
https://www.coles.com.au/product/coles-pork-forequarter-cutlets-approx.-750g-each-2464476,https://productimages.coles.com.au/productimages/2/2464476.jpg
https://www.coles.com.au/product/coles-tasmanian-salmon-portions-skin-off-280g-1558144,https://productimages.coles.com.au/productimages/1/1558144.jpg
https://www.coles.com.au/product/tassal-tasmanian-smoked-salmon-250g-3477123,https://productimages.coles.com.au/productimages/3/3477123.jpg
https://www.coles.com.au/product/coles-butcher-lamb-loin-chops-approx.-905g-8598985,https://productimages.coles.com.au/productimages/8/8598985.jpg
https://www.coles.com.au/product/coles-lamb-leg-steak-2-pack-215g-4501493,https://productimages.coles.com.au/productimages/4/4501493.jpg
https://www.coles.com.au/product/ocean-blue-sliced-smoked-salmon-100g-3024242,https://productimages.coles.com.au/productimages/3/3024242.jpg
https://www.coles.com.au/product/coles-rspca-approved-chicken-breast-schnitzel-plain-crumb-600g-5969865,https://productimages.coles.com.au/productimages/5/5969865.jpg
https://www.coles.com.au/product/coles-no-added-hormone-beef-scotch-steak-with-truffle-butter-265g-3582478,https://productimages.coles.com.au/productimages/3/3582478.jpg
https://www.coles.com.au/product/coles-deli-fresh-tasmanian-salmon-portions-skin-off-approx.-250g-8104860,https://productimages.coles.com.au/productimages/8/8104860.jpg
https://www.coles.com.au/product/coles-rspca-approved-chicken-breast-schnitzel-garlic-and-herb-crumb-600g-9232956,https://productimages.coles.com.au/productimages/9/9232956.jpg
https://www.coles.com.au/product/coles-graze-grassfed-beef-scotch-fillet-steak-250g-3855286,https://productimages.coles.com.au/productimages/3/3855286.jpg
https://www.coles.com.au/product/coles-boneless-pork-leg-roast-approx.-2.1kg-4174794,https://productimages.coles.com.au/productimages/4/4174794.jpg
https://www.coles.com.au/product/coles-deli-thawed-barramundi-fillets-approx.-350g-9586449,https://productimages.coles.com.au/productimages/9/9586449.jpg
https://www.coles.com.au/product/coles-pork-sirloin-steak-500g-3781703,https://productimages.coles.com.au/productimages/3/3781703.jpg
https://www.coles.com.au/product/coles-rspca-approved-chicken-v-wings-approx.-1.1kg-2263339,https://productimages.coles.com.au/productimages/2/2263339.jpg
https://www.coles.com.au/product/coles-gluten-free-beef-burgers-graze-grass-fed-oregano-and-fresh-parsley-500g-2529470,https://productimages.coles.com.au/productimages/2/2529470.jpg
https://www.coles.com.au/product/coles-deli-fresh-australian-cooked-black-tiger-prawns-approx.-250g-3950811,https://productimages.coles.com.au/productimages/3/3950811.jpg
https://www.coles.com.au/product/coles-pork-sausage-550g-3923761,https://productimages.coles.com.au/productimages/3/3923761.jpg
https://www.coles.com.au/product/coles-pork-spare-ribs-approx.-330g-7451857,https://productimages.coles.com.au/productimages/7/7451857.jpg
https://www.coles.com.au/product/coles-beef-and-pork-meatballs-classic-28-pack-560g-3569447,https://productimages.coles.com.au/productimages/3/3569447.jpg
https://www.coles.com.au/product/coles-deli-thawed-cooked-prawn-plate-small-200g-6487531,https://productimages.coles.com.au/productimages/6/6487531.jpg
https://www.coles.com.au/product/coles-rspca-approved-free-range-chicken-lovely-legs-approx.-600g-3559636,https://productimages.coles.com.au/productimages/3/3559636.jpg
