Product, Price, Link
Fresh Bananas | approx 180g,$0.63,/product/fresh-bananas-approx.-180g-each-409499
Coles Shepard Avocados | 1 each,$2.50,/product/coles-shepard-avocados-1-each-5900891
Fresh Strawberries Prepacked | 250g,$3.90,/product/fresh-strawberries-prepacked-250g-5191256
Coles Continental Cucumbers Loose | 1 each,$1.90,/product/coles-continental-cucumbers-loose-1-each-4575605
Coles Carrots Prepacked 1Kg | 1 each,$1.00,/product/coles-carrots-prepacked-1kg-1-each-9006560
Coles Raspberries | 125g,$4.00,/product/coles-raspberries-125g-134029
Coles White Seedless Grapes Loose | approx 800g,$3.84,/product/coles-white-seedless-grapes-loose-approx.-800g-6706395
Coles Broccoli | approx 340g,$1.53,/product/coles-broccoli-approx.-340g-each-407755
Coles Greenhouse Truss Tomatoes | approx 140g,$0.97,/product/coles-greenhouse-truss-tomatoes-approx.-140g-each-4628676
Coles Blackberries Prepacked | 125g,$3.50,/product/coles-blackberries-prepacked-125g-134040
Coles Blueberries Prepacked | 125g,$4.50,/product/coles-blueberries-prepacked-125g-5543535
Coles Red Capsicum | approx 200g,$1.78,/product/coles-red-capsicum-approx.-200g-each-4580208
Coles Field Tomatoes Loose | approx 110g,$0.49,/product/coles-field-tomatoes-loose-approx.-110g-each-4597109
Coles Green Zucchini | approx 260g,$1.17,/product/coles-green-zucchini-approx.-260g-each-4910506
Coles Seedless Watermelon Cut | approx1.99 kg,$4.97,/product/coles-seedless-watermelon-cut-approx-1.99-kg-each-7508229
Coles Baby Cos Lettuce | 2 pack,$3.50,/product/coles-baby-cos-lettuce-2-pack-4646485
Coles Royal Gala Apples Loose | approx 160g,$0.78,/product/coles-royal-gala-apples-loose-approx.-160g-each-5226000
Coles Sweet Corn | 1 each,$1.20,/product/coles-sweet-corn-1-each-4562603
Fresh Brown Onions Loose | approx 180g,$0.70,/product/fresh-brown-onions-loose-approx.-180g-each-4239517
Coles Red Seedless Grapes | approx 800g,$4.80,/product/coles-red-seedless-grapes-approx.-800g-6706191
Coles Sweet Gold Potatoes Loose | approx 350g,$1.72,/product/coles-sweet-gold-potatoes-loose-approx.-350g-each-4199503
Coles Iceberg Lettuce | 1 each,$3.20,/product/coles-iceberg-lettuce-1-each-4584071
Coles Yellow Nectarines | approx 150g,$0.68,/product/coles-yellow-nectarines-approx.-150g-409808
Coles Grape Perino Tomatoes Prepacked | 200g,$4.90,/product/coles-grape-perino-tomatoes-prepacked-200g-7265535
Coles Spring Onions | 1 bunch,$2.80,/product/coles-spring-onions-1-bunch-408419
Coles White Nectarines | approx 150g,$0.68,/product/coles-white-nectarines-approx.-150g-5595663
Coles Lebanese Cucumbers | approx 210g,$1.24,/product/coles-lebanese-cucumbers-approx.-210g-4575208
Fresh Medium Navel Oranges | approx 180g,$1.24,/product/fresh-medium-navel-oranges-approx.-180g-each-4255717
Coles Brown Onions | 1kg,$3.50,/product/coles-brown-onions-1kg-4803991
Coles Red Onions Loose | approx 200g,$0.90,/product/coles-red-onions-loose-approx.-200g-each-4218459
Coles Fresh Loose Cup Mushrooms | approx 200g,$2.58,/product/coles-fresh-loose-cup-mushrooms-approx.-200g-4594010
Coles Pink Lady Apples | approx 200g,$1.30,/product/coles-pink-lady-apples-approx.-200g-each-5111654
Coles Baby Cucumbers | 250g,$3.00,/product/coles-baby-cucumbers-250g-4578148
Coles Carrots Loose | approx 170g,$0.42,/product/coles-carrots-loose-approx.-170g-each-4223335
Coles Keitt Mangoes | 1 each,$2.90,/product/coles-keitt-mangoes-1-each-4526847
Coles Creme Gold Washed Potatoes Loose | approx140g,$0.63,/product/coles-creme-gold-washed-potatoes-loose-approx-140g-each-1182162
Coles Green Beans loose | approx 200g,$1.18,/product/coles-green-beans-loose-approx.-200g-407675
Coles Green Capsicum Loose | approx 250g,$1.48,/product/coles-green-capsicum-loose-approx.-250g-each-7214862
Coles Baby Broccoli | 1 each,$2.90,/product/coles-baby-broccoli-1-each-5982477
Coles Kids Pack Bananas | 750g,$3.50,/product/coles-kids-pack-bananas-750g-2511791
Coles Red Onion 1 Kg | 1kg,$3.90,/product/coles-red-onion-1-kg-1kg-8467604
Coles Cherry Tomatoes Prepacked | 250g,$2.50,/product/coles-cherry-tomatoes-prepacked-250g-4834736
Coles Yellow Peaches | approx 150g,$0.73,/product/coles-yellow-peaches-approx.-150g-156713
Coles Lettuce Spinach | 120g,$3.00,/product/coles-lettuce-spinach-120g-1499340
Coles Rockmelon Whole | 1 each,$3.90,/product/coles-rockmelon-whole-1-each-428915
Coles Green Beans Prepacked | 500g,$4.50,/product/coles-green-beans-prepacked-500g-3214270
Coles Baby Spinach | 60g,$2.00,/product/coles-baby-spinach-60g-1499486
Coles Kent Pumpkin Cut | approx 900g,$2.25,/product/coles-kent-pumpkin-cut-approx.-900g-each-4202540
Coles White Peaches | approx 150g,$0.73,/product/coles-white-peaches-approx.-150g-4552326
Coles Black Plums | approx 130g,$0.77,/product/coles-black-plums-approx.-130g-each-5424026
Coles Royal Gala Apples 1Kg | 1 each,$4.90,/product/coles-royal-gala-apples-1kg-1-each-4433462
Fresh Granny Smith Medium Apples | approx 170g,$0.83,/product/fresh-granny-smith-medium-apples-approx.-170g-each-408554
Coles Grape Mini Roma Tomatoes | 250g,$3.00,/product/coles-grape-mini-roma-tomatoes-250g-7941197
Coles William Bartlett Pears | approx 200g,$0.70,/product/coles-william-bartlett-pears-approx.-200g-each-409998
Coles Wrapped Butternut Pumpkin | approx 700g,$2.80,/product/coles-wrapped-butternut-pumpkin-approx.-700g-each-4190600
Coles Cauliflower Medium | 1 each,$4.50,/product/coles-cauliflower-medium-1-each-4601603
Coles 4 Leaf Salad Mix | 200g,$3.00,/product/coles-4-leaf-salad-mix-200g-8209722
Coles Baby Carrots Prepacked | 500g,$1.80,/product/coles-baby-carrots-prepacked-500g-4236122
Coles Creme Royale Brushed Potatoes loose | approx 200g,$0.70,/product/coles-creme-royale-brushed-potatoes-loose-approx.-200g-each-1022610
Coles Garlic loose | approx 60g,$1.74,/product/coles-garlic-loose-approx.-60g-each-6105715
Coles Black Grapes | approx 800g,$3.90,/product/coles-black-grapes-approx.-800g-6706282
Coles Green Asparagus | 1 each,$3.00,/product/coles-green-asparagus-1-each-4838737
Coles Celery | 1 bunch,$3.50,/product/coles-celery-1-bunch-4845732
Coles Sliced Mushrooms | 200g,$3.80,/product/coles-sliced-mushrooms-200g-5750960
Coles Ginger loose | approx 120g,$4.20,/product/coles-ginger-loose-approx.-120g-5034484
Coles Red Royale Potatoes Loose | approx 170g,$0.77,/product/coles-red-royale-potatoes-loose-approx.-170g-each-1181308
Fresh Purple Eggplant | approx 500g,$3.75,/product/fresh-purple-eggplant-approx.-500g-4583206
Coles Cup Mushrooms | 500g,$6.00,/product/coles-cup-mushrooms-500g-4829838
Coles Asian Choy Pak | 1 each,$2.50,/product/coles-asian-choy-pak-1-each-4567039
Wonder White Bread Wholemeal Plus Iron | 700g,$3.90,/product/wonder-white-bread-wholemeal-plus-iron-700g-5322140
Genius Gluten Free Soft Brioche Rolls | 2 pack,$4.00,/product/genius-gluten-free-soft-brioche-rolls-2-pack-3237582
Genius Gluten Free Farmhouse Soft Brown Bread Loaf | 535g,$6.90,/product/genius-gluten-free-farmhouse-soft-brown-bread-loaf-535g-3293572
Genius Gluten Free Triple Seeded Soft Rolls | 2 pack,$4.00,/product/genius-gluten-free-triple-seeded-soft-rolls-2-pack-3237560
Noshu 95% Sugar Free Iced Carrot Cakes | 180g,$7.00,/product/noshu-95percent-sugar-free-iced-carrot-cakes-180g-4215337
Noshu 97% Sugar Free Iced Funtella Cakes | 180g,$7.00,/product/noshu-97percent-sugar-free-iced-funtella-cakes-180g-4214243
Toscano Traditional Butter Waffles 4 pack | 360g,$7.00,/product/toscano-traditional-butter-waffles-4-pack-360g-8995056
Toscano Chocolate Crepes | 192g,$6.00,/product/toscano-chocolate-crepes-192g-2902427
Toscano Choco Chip Waffles 4 pack | 360g,$7.00,/product/toscano-choco-chip-waffles-4-pack-360g-8995067
Toscano Mini Waffles | 200g,$5.00,/product/toscano-mini-waffles-200g-4986213
Coles Bakery Flatbread White | 6 pack,$4.00,/product/coles-bakery-flatbread-white-6-pack-3259687
Coles Bakery Pancakes | 5 pack,$4.00,/product/coles-bakery-pancakes-5-pack-5626122
Coles Hot Cross Buns Traditional Fruit | 6 pack,$4.00,/product/coles-hot-cross-buns-traditional-fruit-6-pack-8368511
Coles White Bread | 650g,$1.90,/product/coles-white-bread-650g-4901345
Wonder White Bread + Vitamins & Mineral | 700g,$3.90,/product/wonder-white-bread-+-vitamins-and-mineral-700g-5795130
Coles Bakery Flatbread Wholemeal | 6 pack,$4.00,/product/coles-bakery-flatbread-wholemeal-6-pack-3259701
Coles Bakery Super Soft Round Rolls | 6 pack,$2.50,/product/coles-bakery-super-soft-round-rolls-6-pack-4344715
Tip Top The One White Sandwich Bread | 700g,$3.90,/product/tip-top-the-one-white-sandwich-bread-700g-8956156
Tip Top The One White Toast Bread | 700g,$3.90,/product/tip-top-the-one-white-toast-bread-700g-8956189
Coles Soft Wholemeal Sandwich Loaf | 650g,$2.20,/product/coles-soft-wholemeal-sandwich-loaf-650g-3378290
Coles Hot Cross Buns Chocolate | 6 pack,$4.00,/product/coles-hot-cross-buns-chocolate-6-pack-4882003
Coles Bakery Croissants 3 Pack | 189g,$2.85,/product/coles-bakery-croissants-3-pack-189g-7266287
Coles Hot Cross Buns Apple And Cinnamon | 6 pack,$4.00,/product/coles-hot-cross-buns-apple-and-cinnamon-6-pack-2132192
Helga's Traditional Wholemeal Bread | 750g,$4.40,/product/helga's-traditional-wholemeal-bread-750g-5969435
Coles Turkish Rolls 4 pack | 400g,$2.75,/product/coles-turkish-rolls-4-pack-400g-5625017
Coles High Fibre Wholemeal Bread | 700g,$3.00,/product/coles-high-fibre-wholemeal-bread-700g-4938276
Golden Round Crumpets | 6 pack,$2.00,/product/golden-round-crumpets-6-pack-332383
Wonder White Bread + Vitamins Toast | 700g,$3.90,/product/wonder-white-bread-+-vitamins-toast-700g-5827361
Coles Bakery Stone Baked By Laurent Pane Di Casa | 1 each,$5.00,/product/coles-bakery-stone-baked-by-laurent-pane-di-casa-1-each-8162312
Coles Soft White Toast Loaf | 650g,$2.20,/product/coles-soft-white-toast-loaf-650g-3378289
Coles Bakery Croissants 4 Pack | 168g,$2.85,/product/coles-bakery-croissants-4-pack-168g-7266367
Coles Bakery Vegemite Scroll | 1 each,$2.50,/product/coles-bakery-vegemite-scroll-1-each-2360380
Coles Deli Fresh Tasmanian Salmon Portions Skin On | approx 200g,$5.80,/product/coles-deli-fresh-tasmanian-salmon-portions-skin-on-approx.-200g-8106800
Coles RSPCA Approved Whole Chicken Roast | 1 each,$11.00,/product/coles-rspca-approved-whole-chicken-roast-1-each-2271188
Don Virginian Leg Ham Sliced | approx 100g,$2.70,/product/don-virginian-leg-ham-sliced-approx.-100g-3052929
Coles Deli RSPCA Approved Chicken Breast Fillets | approx 300g,$3.15,/product/coles-deli-rspca-approved-chicken-breast-fillets-approx.-300g-each-2271199
Primo Champagne Leg Ham | approx 100g,$2.20,/product/primo-champagne-leg-ham-approx.-100g-4222321
Coles Deli Don Kabana | 1 each,$3.30,/product/coles-deli-don-kabana-1-each-2076604
Don White Hungarian Salami | approx 100g,$3.45,/product/don-white-hungarian-salami-approx.-100g-5185446
Primo Middle Bacon Rind On | approx 100g,$1.15,/product/primo-middle-bacon-rind-on-approx.-100g-4304255
Bertocchi Natural Hickory Smoked Leg Ham | approx 100g,$2.50,/product/bertocchi-natural-hickory-smoked-leg-ham-approx.-100g-7103680
Coles Ham On The Bone | approx 4kg,$144.00,/product/coles-ham-on-the-bone-approx.-4kg-5495432
Coles Deli RSPCA Approved Chicken Thigh Fillets | approx 150g,$2.02,/product/coles-deli-rspca-approved-chicken-thigh-fillets-approx.-150g-each-2272657
Bertocchi Triple Smoked Leg Ham | approx 100g,$2.75,/product/bertocchi-triple-smoked-leg-ham-approx.-100g-1890118
Primo Short Cut Bacon | approx 250g,$4.00,/product/primo-short-cut-bacon-approx.-250g-4304277
Coles Deli Thawed Raw Peeled Prawn Meat | approx 250g,$6.50,/product/coles-deli-thawed-raw-peeled-prawn-meat-approx.-250g-3944524
Coles Deli Thawed Raw Black Tiger Prawns | approx 250g,$7.25,/product/coles-deli-thawed-raw-black-tiger-prawns-approx.-250g-3954674
Primo Red Gum Honey Leg Ham | approx 100g,$2.60,/product/primo-red-gum-honey-leg-ham-approx.-100g-4222343
Coles Deli Express Giant Pitted Kalamata Olives | 140g,$4.00,/product/coles-deli-express-giant-pitted-kalamata-olives-140g-3066967
Lilydale Chicken Sage & Onion Roast | 1 each,$11.00,/product/lilydale-chicken-sage-and-onion-roast-1-each-5342715
Coles Silverside | approx 100g,$2.20,/product/coles-silverside-approx.-100g-1472253
Coles Thawed Seafood Marinara Mix | approx 250g,$4.50,/product/coles-thawed-seafood-marinara-mix-approx.-250g-4377340
Primo Deli Express Chicken Frankfurt | 750g,$7.40,/product/primo-deli-express-chicken-frankfurt-750g-3052601
Arnott's Original BBQ Shapes | 175g,$1.75,/product/arnott's-original-bbq-shapes-175g-2734446
Nestle Mini Egg Bag | 500g,$15.00,/product/nestle-mini-egg-bag-500g-4733502
Sanitarium Weet-Bix Bites Wild Berry Cereal | 500g,$3.00,/product/sanitarium-weet-bix-bites-wild-berry-cereal-500g-4951398
Arnott's Multipack Biscuits Tim Tam | 162g,$2.50,/product/arnott's-multipack-biscuits-tim-tam-162g-5311290
Arnott's Tiny Teddy Variety Biscuits 15 pack | 375g,$5.50,/product/arnott's-tiny-teddy-variety-biscuits-15-pack-375g-2992135
Passage Foods Passage To India Balti Curry Simmer Sauce Pouch | 375g,$4.50,/product/passage-foods-passage-to-india-balti-curry-simmer-sauce-pouch-375g-6836197
Passage Foods Passage To India Tikka Masala Simmer Sauce Pouch | 375g,$4.50,/product/passage-foods-passage-to-india-tikka-masala-simmer-sauce-pouch-375g-4699030
Snickers Chocolate Bar Peanuts Caramel Nougat | 44g,$1.00,/product/snickers-chocolate-bar-peanuts-caramel-nougat-44g-245868
Arnott's Original Pizza Shapes | 190g,$1.75,/product/arnott's-original-pizza-shapes-190g-2734457
Arnott's Original Savoy Crackers | 225g,$3.00,/product/arnott's-original-savoy-crackers-225g-8638456
Indomie Fried Mi Goreng Instant Noodles 5 Pack  | 85g,$3.95,/product/indomie-fried-mi-goreng-instant-noodles-5-pack-85g-9789639
Doritos Corn Chips Supreme Cheese Share Pack | 170g,$4.80,/product/doritos-corn-chips-supreme-cheese-share-pack-170g-2358333
Sanitarium Weet-Bix Breakfast Cereal | 1.2kg,$6.00,/product/sanitarium-weet-bix-breakfast-cereal-1.2kg-9393015
Nestle KitKat Milk Chocolate Bar | 45g,$1.00,/product/nestle-kitkat-milk-chocolate-bar-45g-136512
Coles Italian Diced Tomatoes | 400g,$1.10,/product/coles-italian-diced-tomatoes-400g-5548754
Arnott's Chicken Crimpy Shapes | 175g,$1.75,/product/arnott's-chicken-crimpy-shapes-175g-8638285
Coles Ultimate Cookies 40% Chocolate Chip | 400g,$4.00,/product/coles-ultimate-cookies-40percent-chocolate-chip-400g-4953000
Kettle Chilli Potato Chips | 165 gram,$6.00,/product/kettle-chilli-potato-chips-165-gram-9139724
Arnott's Original Salada | 250g,$3.00,/product/arnott's-original-salada-250g-329800
Kettle Sea Salt Potato Chips | 165g,$6.00,/product/kettle-sea-salt-potato-chips-165g-8156535
Arnott's Original Chocolate Tim Tam | 200g,$4.50,/product/arnott's-original-chocolate-tim-tam-200g-329607
Cadbury Dairy Milk Chocolate Block | 180g,$2.75,/product/cadbury-dairy-milk-chocolate-block-180g-2351709
The Natural Confectionery Co Snakes | 230g,$2.00,/product/the-natural-confectionery-co-snakes-230g-5162429
Tyrrells Hand Cooked Lightly Salted Crisps | 165g,$3.00,/product/tyrrells-hand-cooked-lightly-salted-crisps-165g-4383896
Coles Chick Peas | 420g,$1.00,/product/coles-chick-peas-420g-8075852
Arnott's Cheddar Shapes | 175g,$1.75,/product/arnott's-cheddar-shapes-175g-8638263
John West Tempters Chilli Tuna | 95g,$1.35,/product/john-west-tempters-chilli-tuna-95g-6044009
CC's Tasty Cheese Corn Chips | 175g,$2.35,/product/cc's-tasty-cheese-corn-chips-175g-1795365
Pringles Sour Cream & Onion Potato Chips | 134g,$4.00,/product/pringles-sour-cream-and-onion-potato-chips-134g-2784058
Coles Frozen Fruit Mixed Berries | 500g,$6.20,/product/coles-frozen-fruit-mixed-berries-500g-1301206
Weis Mini Mango Fruit Ice Bars 8 pack | 280 mL,$6.00,/product/weis-mini-mango-fruit-ice-bars-8-pack-280-ml-5124168
Weis Mango Ice Cream Bars 4 Pack | 280mL,$6.00,/product/weis-mango-ice-cream-bars-4-pack-280ml-424685
Weis Mango & Macadamia Ice Cream Bars 4 pack | 280mL,$6.00,/product/weis-mango-and-macadamia-ice-cream-bars-4-pack-280ml-4462755
Streets Paddle Pop Rainbow | 544mL,$5.50,/product/streets-paddle-pop-rainbow-544ml-3840610
Streets Paddle Pop Chocolate | 544mL,$5.50,/product/streets-paddle-pop-chocolate-544ml-3840631
Streets Paddle Pop Banana | 544mL,$5.50,/product/streets-paddle-pop-banana-544ml-3840595
Haagen Dazs Signature Collection Ice Cream Mini Cups 4 Pack | 380mL,$12.50,/product/haagen-dazs-signature-collection-ice-cream-mini-cups-4-pack-380ml-3817006
Birds Eye Frozen Fish Fillets With Original Lightly Battered Oven Bake 6 Pack | 425g,$5.25,/product/birds-eye-frozen-fish-fillets-with-original-lightly-battered-oven-bake-6-pack-425g-84430
Birds Eye Frozen Fish Fillets With Lemon Crumb Oven Bake 6 pack | 425g,$5.25,/product/birds-eye-frozen-fish-fillets-with-lemon-crumb-oven-bake-6-pack-425g-80804
Luv A Duck Frozen Whole Duck | 2.1kg,$26.20,/product/luv-a-duck-frozen-whole-duck-2.1kg-4683889
Streets Blue Ribbon Vanilla Ice Cream Tub | 2L,$5.75,/product/streets-blue-ribbon-vanilla-ice-cream-tub-2l-207938
Peters Drumstick Minis Vanilla Ice Cream 6 pack | 490mL,$4.75,/product/peters-drumstick-minis-vanilla-ice-cream-6-pack-490ml-5863445
Streets Golden Gaytime Ice Cream Sticks 4 pack | 400mL,$9.50,/product/streets-golden-gaytime-ice-cream-sticks-4-pack-400ml-9611648
Natures Nutrients Frozen Chopped Spinach | 250g,$1.00,/product/natures-nutrients-frozen-chopped-spinach-250g-1313760
Coles Frozen Potato French Fries | 1kg,$3.50,/product/coles-frozen-potato-french-fries-1kg-52139
Coles Frozen Peas | 1kg,$2.70,/product/coles-frozen-peas-1kg-399067
Coles Frozen Fruit Blueberries | 500g,$6.20,/product/coles-frozen-fruit-blueberries-500g-6110023
Coles Frozen Carrots Corn & Peas | 1kg,$4.50,/product/coles-frozen-carrots-corn-and-peas-1kg-5300850
Peters Drumstick Vanilla Ice Cream 4 pack | 475mL,$4.75,/product/peters-drumstick-vanilla-ice-cream-4-pack-475ml-193844
Coles Frozen Broccoli Florets | 500g,$3.80,/product/coles-frozen-broccoli-florets-500g-5341010
Four'N Twenty Frozen Meat Pies 4 Pack | 700g,$8.50,/product/four'n-twenty-frozen-meat-pies-4-pack-700g-5112318
Bulla Splits Multi Flavoured Ice Cream Sticks 10 pack | 750mL,$8.00,/product/bulla-splits-multi-flavoured-ice-cream-sticks-10-pack-750ml-5892294
Coles Frozen Hash Browns Potatoes | 1kg,$3.40,/product/coles-frozen-hash-browns-potatoes-1kg-9728215
Coles Frozen Corn Kernels | 1kg,$4.50,/product/coles-frozen-corn-kernels-1kg-203642
Coles Frozen Fruit Raspberries | 500g,$7.00,/product/coles-frozen-fruit-raspberries-500g-6109975
Zooper Dooper 8 Cosmic Flavours Water Ice 70mL Tubes | 24 pack,$6.50,/product/zooper-dooper-8-cosmic-flavours-water-ice-70ml-tubes-24-pack-198393
Drumstick Ice Cream Super Choc 4Pack | 475mL,$4.75,/product/drumstick-ice-cream-super-choc-4pack-475ml-5197274
Drumstick Boysenberry Ice Cream 4 pack | 475mL,$4.75,/product/drumstick-boysenberry-ice-cream-4-pack-475ml-9360854
KB Tempura Prawns | 300g,$10.50,/product/kb-tempura-prawns-300g-3616478
Bulla Crunch Multi Flavoured Ice Cream Sticks 8 pack | 631mL,$8.00,/product/bulla-crunch-multi-flavoured-ice-cream-sticks-8-pack-631ml-5974719
Coles Frozen Fruit Mango | 500g,$6.20,/product/coles-frozen-fruit-mango-500g-5513320
Coles Cotton Make-Up Pads Round | 80 pack,$1.50,/product/coles-cotton-make-up-pads-round-80-pack-3751134
Neutrogena Oil Free Acne Wash Pink Grapefruit Facial Cleanser | 175mL,$12.25,/product/neutrogena-oil-free-acne-wash-pink-grapefruit-facial-cleanser-175ml-7703767
Gillette Venus Deluxe Smooth Sensitive Women's Razor +2 Blade | 1 pack,$8.75,/product/gillette-venus-deluxe-smooth-sensitive-women's-razor-+2-blade-1-pack-4359600
Always Discreet Normal Incontinence Pads | 12 pack,$5.10,/product/always-discreet-normal-incontinence-pads-12-pack-3757174
Schick  Hydro Silk Razor & Blade Kit | 1 pack,$16.50,/product/schick-hydro-silk-razor-and-blade-kit-1-pack-9849763
First Response Pregnancy Test Instream | 1 pack,$9.00,/product/first-response-pregnancy-test-instream-1-pack-3733733
Oral B Pro 1500 Electric Toothbrush With Travel Case | 1 pack,$65.00,/product/oral-b-pro-1500-electric-toothbrush-with-travel-case-1-pack-4504298
Libra Goodnights Extra Long With Wings Pads | 10 pack,$3.00,/product/libra-goodnights-extra-long-with-wings-pads-10-pack-5531401
Libra Original Regular Tampons | 16 pack,$2.58,/product/libra-original-regular-tampons-16-pack-459533
Dove Triple Moisturising Body Wash | 1L,$17.00,/product/dove-triple-moisturising-body-wash-1l-8152068
U by Kotex Ultrathin Pads Regular With Wings | 14 pack,$2.60,/product/u-by-kotex-ultrathin-pads-regular-with-wings-14-pack-9499005
U by Kotex Ultrathin Pads Super With Wings | 12 pack,$3.00,/product/u-by-kotex-ultrathin-pads-super-with-wings-12-pack-9498523
Colgate Total Advanced Clean Toothpaste | 200g,$5.00,/product/colgate-total-advanced-clean-toothpaste-200g-3400887
Listerine Freshburst Antibacterial Mouthwash | 500mL,$8.00,/product/listerine-freshburst-antibacterial-mouthwash-500ml-7945303
U by Kotex Ultrathin Overnight Pads Long With Wings | 8 pack,$3.00,/product/u-by-kotex-ultrathin-overnight-pads-long-with-wings-8-pack-3223329
Colgate Total Advanced Fresh Multi Benefit Toothpaste | 200g,$5.00,/product/colgate-total-advanced-fresh-multi-benefit-toothpaste-200g-3400912
U by Kotex Extra Overnight Pads Long With Wings | 8 pack,$3.00,/product/u-by-kotex-extra-overnight-pads-long-with-wings-8-pack-3223330
Coles Cotton Wool Tips Paper Stem | 400 pack,$4.00,/product/coles-cotton-wool-tips-paper-stem-400-pack-3751156
Panadol Rapid Caplets for Pain Relief Paracetamol 500mg | 20 pack,$6.00,/product/panadol-rapid-caplets-for-pain-relief-paracetamol-500mg-20-pack-1488300
U By Kotex Ultrathin Overnight Pads With Wings | 10 pack,$3.00,/product/u-by-kotex-ultrathin-overnight-pads-with-wings-10-pack-1721493
Coles Paracetamol Caplets | 20 pack,$0.80,/product/coles-paracetamol-caplets-20-pack-1483920
U By Kotex Extra Overnight Pads With Wings | 10 pack,$2.60,/product/u-by-kotex-extra-overnight-pads-with-wings-10-pack-9500240
Libra Pads Ultra Thin Regular Wings | 14 pack,$3.00,/product/libra-pads-ultra-thin-regular-wings-14-pack-6811527
Colgate Multi Benefit Advanced Whitening Toothpaste | 200g,$5.00,/product/colgate-multi-benefit-advanced-whitening-toothpaste-200g-3400956
Libra Pads Ultra Thin Super Wing | 12 pack,$3.00,/product/libra-pads-ultra-thin-super-wing-12-pack-6811505
U by Kotex Designer Series Pads Regular With Wings | 22 pack,$5.04,/product/u-by-kotex-designer-series-pads-regular-with-wings-22-pack-1719527
Coles Ibuprofen Tablets 200mg | 24 pack,$1.55,/product/coles-ibuprofen-tablets-200mg-24-pack-6181702
Swisspers Cotton Round Make Up Pads | 80 pack,$4.10,/product/swisspers-cotton-round-make-up-pads-80-pack-5232014
Coles Biodegradable Sensitive 3 In 1 Facial Cleansing Wipes | 30 pack,$1.80,/product/coles-biodegradable-sensitive-3-in-1-facial-cleansing-wipes-30-pack-4339318
Libra Goodnights Ultra Thin Pads | 10 pack,$3.00,/product/libra-goodnights-ultra-thin-pads-10-pack-8536853
Coles Australian Full Cream Long Life Milk | 1L,$1.60,/product/coles-australian-full-cream-long-life-milk-1l-7667368
Pepsi Soft Drink Pepsi Cola Max | 24 pack,$15.50,/product/pepsi-soft-drink-pepsi-cola-max-24-pack-7366022
Schweppes Lemonade Soft Drink 24x375mL | 24 Pack,$15.50,/product/schweppes-lemonade-soft-drink-24x375ml-24-pack-9391552
Schweppes Sunkist Zero Sugar Soft Drink | 24 pack,$15.50,/product/schweppes-sunkist-zero-sugar-soft-drink-24-pack-4405398
Pepsi Max Soft Drink 375mL Can | 30 pack,$21.00,/product/pepsi-max-soft-drink-375ml-can-30-pack-7837413
Solo Original Lemon Thirst Crusher Multipack Cans 375mL | 30 pack,$21.00,/product/solo-original-lemon-thirst-crusher-multipack-cans-375ml-30-pack-7837402
Coca-Cola Classic Soft Drink Multipack Cans 10 x 375mL | 10 pack,$8.75,/product/coca-cola-classic-soft-drink-multipack-cans-10-x-375ml-10-pack-1849307
Coca-Cola No Sugar Soft Drink Multipack Cans 10 x 375mL | 10 pack,$8.75,/product/coca-cola-no-sugar-soft-drink-multipack-cans-10-x-375ml-10-pack-2993739
Mount Franklin Lightly Sparkling Water Watermelon | 10 pack,$8.75,/product/mount-franklin-lightly-sparkling-water-watermelon-10-pack-5623601
Pop Tops Apple Blackcurrant Fruit Drink Multipack 250mL | 6 pack,$5.00,/product/pop-tops-apple-blackcurrant-fruit-drink-multipack-250ml-6-pack-8147374
Coles Spring Water 24X600Ml | 24 pack,$6.40,/product/coles-spring-water-24x600ml-24-pack-7906946
Coles Soda Water | 1.25L,$0.90,/product/coles-soda-water-1.25l-8836879
Coles Natural Mineral Water | 1.25L,$0.75,/product/coles-natural-mineral-water-1.25l-8836835
Coca-Cola Classic Soft Drink Bottle | 1.25L,$2.00,/product/coca-cola-classic-soft-drink-bottle-1.25l-123011
Coles Natural Spring Water | 1.5L,$0.80,/product/coles-natural-spring-water-1.5l-4874490
Coca-Cola No Sugar Soft Drink Bottle | 1.25L,$2.00,/product/coca-cola-no-sugar-soft-drink-bottle-1.25l-2993706
Mount Franklin Spring Water Bottle | 600mL,$2.10,/product/mount-franklin-spring-water-bottle-600ml-7014331
Coles Australian Lite Long Life Milk | 1L,$1.60,/product/coles-australian-lite-long-life-milk-1l-7239433
Pump Spring Water Bottle | 750mL,$2.75,/product/pump-spring-water-bottle-750ml-8966590
Coca-Cola Classic Soft Drink Bottle | 2L,$3.50,/product/coca-cola-classic-soft-drink-bottle-2l-191736
Devondale Full Cream Long Life Milk | 1L,$2.20,/product/devondale-full-cream-long-life-milk-1l-301721
Sanitarium So Good Long Life Regular Soy Milk | 1L,$2.20,/product/sanitarium-so-good-long-life-regular-soy-milk-1l-403029
Coles Australian Skim Long Life Milk | 1L,$1.60,/product/coles-australian-skim-long-life-milk-1l-7667244
Pepsi Max Soft Drink | 2L,$2.80,/product/pepsi-max-soft-drink-2l-5441783
Nudie Pulp Free Oranges Juice Chilled | 2L,$8.00,/product/nudie-pulp-free-oranges-juice-chilled-2l-8738439
Coles Natural Spring Water 350mL | 24 pack,$6.40,/product/coles-natural-spring-water-350ml-24-pack-6103549
Coles Full Cream Milk Powder | 1kg,$8.00,/product/coles-full-cream-milk-powder-1kg-7910535
Pepsi Max Cola | 600mL,$3.50,/product/pepsi-max-cola-600ml-9107681
Golden Circle Mango Nectar | 2L,$4.90,/product/golden-circle-mango-nectar-2l-7796225
Schweppes Lemon Lime Bitters Soda Mixers | 1.1L,$1.40,/product/schweppes-lemon-lime-bitters-soda-mixers-1.1l-3014839
Nudie Pulp Oranges Juice Chilled | 2L,$8.00,/product/nudie-pulp-oranges-juice-chilled-2l-7895759
Coles Lactose Free Long Life Full Cream Milk | 1L,$2.00,/product/coles-lactose-free-long-life-full-cream-milk-1l-1850656
Coles Drink Soy Regular | 1L,$1.15,/product/coles-drink-soy-regular-1l-4499631
Coca-Cola Classic Soft Drink Multipack Cans 30 x 375mL | 30 Pack,$24.35,/product/coca-cola-classic-soft-drink-multipack-cans-30-x-375ml-30-pack-8464796
Coles Spring Water 8x1.5L | 8 pack,$5.90,/product/coles-spring-water-8x1.5l-8-pack-7906196
Sanitarium So Good Long Life Unsweetened Almond Milk | 1L,$2.90,/product/sanitarium-so-good-long-life-unsweetened-almond-milk-1l-1260754
Golden Circle 100% Apple Juice No Added Sugar Fruit Juice | 2L,$4.80,/product/golden-circle-100percent-apple-juice-no-added-sugar-fruit-juice-2l-5487456
Coca-Cola No Sugar Soft Drink Bottle | 2L,$3.50,/product/coca-cola-no-sugar-soft-drink-bottle-2l-3029790
Coles Apple Juice | 2L,$2.40,/product/coles-apple-juice-2l-2531530
Bonsoy Soy Milk | 1L,$4.90,/product/bonsoy-soy-milk-1l-5357053
Pepsi Soft Drink Pepsi Cola Max | 24 pack,$15.50,/product/pepsi-soft-drink-pepsi-cola-max-24-pack-7366022
Coca-Cola No Sugar Soft Drink Multipack Cans 30 x 375mL | 30 Pack,$24.35,/product/coca-cola-no-sugar-soft-drink-multipack-cans-30-x-375ml-30-pack-8464810
Coles Lactose Free UHT Low Fat Milk | 1L,$2.00,/product/coles-lactose-free-uht-low-fat-milk-1l-1850667
V Energy Drink Can | 250mL,$2.35,/product/v-energy-drink-can-250ml-8737185
Coles Orange Juice | 2L,$2.40,/product/coles-orange-juice-2l-2531551
Vitasoy UHT Oat Milk | 1L,$3.30,/product/vitasoy-uht-oat-milk-1l-7292254
Coca-Cola No Sugar Soft Drink Multipack Cans 10 x 375mL | 10 pack,$8.75,/product/coca-cola-no-sugar-soft-drink-multipack-cans-10-x-375ml-10-pack-2993739
Coles Orange Juice Chilled | 2L,$4.90,/product/coles-orange-juice-chilled-2l-2690908
Coca-Cola Classic Soft Drink Multipack Mini Cans 6x250mL | 6 pack,$8.35,/product/coca-cola-classic-soft-drink-multipack-mini-cans-6x250ml-6-pack-4398689
Devondale Full Cream Long Life Milk 6 pack | 1.2L,$6.00,/product/devondale-full-cream-long-life-milk-6-pack-1.2l-5984520
Coles Diet Lemonade Soft Drink | 1.25L,$0.90,/product/coles-diet-lemonade-soft-drink-1.25l-5179160
Sanitarium So Good Long Life Original Almond Milk | 1L,$2.90,/product/sanitarium-so-good-long-life-original-almond-milk-1l-9089036
Daily Juice Pulp Free No Added Sugar Orange Juice | 2L,$5.00,/product/daily-juice-pulp-free-no-added-sugar-orange-juice-2l-5738160
Coles Orange Juice Chilled | 3L,$4.20,/product/coles-orange-juice-chilled-3l-9485565
Devondale Semi Skim Long Life Milk | 1L,$2.20,/product/devondale-semi-skim-long-life-milk-1l-4824856
Nudie Double Pulp Orange Juice Chilled | 2L,$8.50,/product/nudie-double-pulp-orange-juice-chilled-2l-2802921
Schweppes Lemonade | 1.1L,$1.40,/product/schweppes-lemonade-1.1l-3270191
Mount Franklin Lightly Sparkling Water Lime | 1.25L,$1.60,/product/mount-franklin-lightly-sparkling-water-lime-1.25l-9886657
Coca-Cola No Sugar Soft Drink Multipack Mini Cans 6x250mL | 6 pack,$8.35,/product/coca-cola-no-sugar-soft-drink-multipack-mini-cans-6x250ml-6-pack-4398690
Lipton Peach Ice Tea | 500mL,$2.85,/product/lipton-peach-ice-tea-500ml-9446315
Devondale Moo Chocolate Flavoured Multipack Milk 200mL | 6 pack,$5.30,/product/devondale-moo-chocolate-flavoured-multipack-milk-200ml-6-pack-1262240
Schweppes Tonic Water Mixers | 1.1L,$1.40,/product/schweppes-tonic-water-mixers-1.1l-3014806
Original Juice Co. Black Label Chilled Orange Juice | 1.5L,$5.00,/product/original-juice-co.-black-label-chilled-orange-juice-1.5l-8190089
Que Cola Soft Drink | 1.25L,$0.90,/product/que-cola-soft-drink-1.25l-3243541
Schweppes Agrum Blood Orange Mixers | 1.1L,$1.40,/product/schweppes-agrum-blood-orange-mixers-1.1l-3014850
Coles Apple Juice | 3L,$4.20,/product/coles-apple-juice-3l-1882506
Coles Natural Coconut Water | 1L,$3.60,/product/coles-natural-coconut-water-1l-3277452
Coles Water 12x600mL | 12 pack,$3.20,/product/coles-water-12x600ml-12-pack-4661649
Bundaberg Ginger Beer Bottles 375mL | 4 pack,$6.45,/product/bundaberg-ginger-beer-bottles-375ml-4-pack-5595856
Red Bull Energy Drink 4X250mL | 4 pack,$7.00,/product/red-bull-energy-drink-4x250ml-4-pack-9043363
Coca-Cola Classic Soft Drink Multipack Cans 10 x 375mL | 10 pack,$8.75,/product/coca-cola-classic-soft-drink-multipack-cans-10-x-375ml-10-pack-1849307
Sprite Lemonade Soft Drink Bottle | 1.25L,$2.00,/product/sprite-lemonade-soft-drink-bottle-1.25l-401657
Sprite Lemonade Soft Drink Bottle  | 2L,$3.00,/product/sprite-lemonade-soft-drink-bottle-2l-438894
Gatorade Berry No Sugar Sport Drink | 600mL,$2.30,/product/gatorade-berry-no-sugar-sport-drink-600ml-3989533
Gatorade Fierce Grape Sport Drink | 600mL,$2.30,/product/gatorade-fierce-grape-sport-drink-600ml-8729937
Coles Water Spring Natural | 10L,$4.40,/product/coles-water-spring-natural-10l-4874479
Golden Circle 100% Orange Juice No Added Sugar Fruit Juices Oj | 2L,$4.80,/product/golden-circle-100percent-orange-juice-no-added-sugar-fruit-juices-oj-2l-5487445
Gatorade Orange Ice Sports Drink | 600mL,$2.30,/product/gatorade-orange-ice-sports-drink-600ml-5594671
Nescafe Strong Cappuccino Coffee Sachets | 10 pack,$3.80,/product/nescafe-strong-cappuccino-coffee-sachets-10-pack-5694097
Nescafe Cappuccino Coffee Sachets | 10 pack,$3.80,/product/nescafe-cappuccino-coffee-sachets-10-pack-9577540
The Juice Brothers Orange Juice | 1.5L,$6.00,/product/the-juice-brothers-orange-juice-1.5l-3183778
Mount Franklin Lightly Sparkling Water Natural | 1.25L,$1.60,/product/mount-franklin-lightly-sparkling-water-natural-1.25l-324385
Coles RSPCA Approved Chicken Breast Fillets Large Pack | approx 1.4kg,$12.60,/product/coles-rspca-approved-chicken-breast-fillets-large-pack-approx.-1.4kg-2263179
Tassal Salmon Portions Skin On | 300g,$14.00,/product/tassal-salmon-portions-skin-on-300g-5285371
Tassal Fresh Tassie Salmon Portions Skin Off | 300g,$15.00,/product/tassal-fresh-tassie-salmon-portions-skin-off-300g-5285280
Primo Gourmet Caramelised Onion Pork Sausage | 450g,$8.50,/product/primo-gourmet-caramelised-onion-pork-sausage-450g-3768352
Primo Gourmet World Flavours German Bratwurst Sausage | 450g,$8.50,/product/primo-gourmet-world-flavours-german-bratwurst-sausage-450g-4469346
Primo Beef With Cracked Black Pepper | 450g,$8.50,/product/primo-beef-with-cracked-black-pepper-450g-5175169
Primo Gourmet Beef & Pork Chorizo Sausage | 450g,$8.50,/product/primo-gourmet-beef-and-pork-chorizo-sausage-450g-3768374
Primo Pork With Caramelised Garlic Chives Sausages | 450g,$8.50,/product/primo-pork-with-caramelised-garlic-chives-sausages-450g-5704190
Primo Gourmet World Flavours South African Boerewors | 450g,$8.50,/product/primo-gourmet-world-flavours-south-african-boerewors-450g-4469313
Huon Premium Cold Smoked Salmon | 100g,$10.50,/product/huon-premium-cold-smoked-salmon-100g-6561805
Coles Deli Fresh Tasmanian Salmon Portions Skin On | approx 200g,$5.80,/product/coles-deli-fresh-tasmanian-salmon-portions-skin-on-approx.-200g-8106800
Coles Beef 3 Star Regular Mince      | 500g,$7.00,/product/coles-beef-3-star-regular-mince-500g-8850188
Coles Beef 4 Star Lean Mince | 500g,$9.50,/product/coles-beef-4-star-lean-mince-500g-8850450
Coles RSPCA Approved Chicken Thigh Fillets Large Pack | approx 1.2kg,$16.20,/product/coles-rspca-approved-chicken-thigh-fillets-large-pack-approx.-1.2kg-each-2263328
Coles Tasmanian Salmon Portions Skin On | 460g,$15.00,/product/coles-tasmanian-salmon-portions-skin-on-460g-1546564
Coles Pork Regular Mince | 500g,$5.50,/product/coles-pork-regular-mince-500g-8782554
Coles Pork & Beef 3 Star Mince Bolognese | 500g,$6.00,/product/coles-pork-and-beef-3-star-mince-bolognese-500g-8782725
Coles RSPCA Approved Chicken Drumsticks Large Pack | approx 1.6kg,$6.40,/product/coles-rspca-approved-chicken-drumsticks-large-pack-approx.-1.6kg-2923835
Coles Beef 5 Star Extra Lean Mince | 500g,$10.50,/product/coles-beef-5-star-extra-lean-mince-500g-8850654
Coles Deli RSPCA Approved Chicken Breast Fillets | approx 300g,$3.15,/product/coles-deli-rspca-approved-chicken-breast-fillets-approx.-300g-each-2271199
Coles Beef 3 Star Regular Mince | 1kg,$12.00,/product/coles-beef-3-star-regular-mince-1kg-8850814
Coles RSPCA Approved Free Range Chicken Breast Large Pack | approx 1.25kg,$16.25,/product/coles-rspca-approved-free-range-chicken-breast-large-pack-approx.-1.25kg-3227410
Luv A Duck Frozen Whole Duck | 2.1kg,$26.20,/product/luv-a-duck-frozen-whole-duck-2.1kg-4683889
Lilydale Free Range Chicken Breast Fillets Bulk Pack  | approx 1kg,$15.00,/product/lilydale-free-range-chicken-breast-fillets-bulk-pack-approx.-1kg-each-2303750
Coles Beef 4 Star Lean Mince | 800g,$13.00,/product/coles-beef-4-star-lean-mince-800g-3449773
Coles RSPCA Approved Chicken Breast Fillets Small Pack | approx 600g,$7.80,/product/coles-rspca-approved-chicken-breast-fillets-small-pack-approx.-600g-2263168
Coles Deli RSPCA Approved Chicken Thigh Fillets | approx 150g,$2.02,/product/coles-deli-rspca-approved-chicken-thigh-fillets-approx.-150g-each-2272657
Coles Deli Thawed Raw Peeled Prawn Meat | approx 250g,$6.50,/product/coles-deli-thawed-raw-peeled-prawn-meat-approx.-250g-3944524
Coles Free Range RSPCA Approved Chicken Drumsticks | approx 1.4kg,$8.40,/product/coles-free-range-rspca-approved-chicken-drumsticks-approx.-1.4kg-3228774
Coles RSPCA Approved Chicken Breast Mince | 500g,$7.00,/product/coles-rspca-approved-chicken-breast-mince-500g-8428646
Lilydale Free Range Chicken Drumsticks Bulk Pack                | approx 1kg,$5.50,/product/lilydale-free-range-chicken-drumsticks-bulk-pack-approx.-1kg-each-2303852
Coles RSPCA Approved Chicken Mince | 500g,$5.50,/product/coles-rspca-approved-chicken-mince-500g-4352145
Coles The Original Beef Sausages | 550g,$6.60,/product/coles-the-original-beef-sausages-550g-3923626
Coles Deli Thawed Raw Black Tiger Prawns | approx 250g,$7.25,/product/coles-deli-thawed-raw-black-tiger-prawns-approx.-250g-3954674
Coles Tasmanian Salmon Portions Skin Off | 460g,$17.50,/product/coles-tasmanian-salmon-portions-skin-off-460g-3613822
Coles Butcher Lamb Leg Roast Boneless | approx 1.08kg,$17.28,/product/coles-butcher-lamb-leg-roast-boneless-approx.-1.08kg-9206887
Coles Thawed Seafood Marinara Mix | approx 250g,$4.50,/product/coles-thawed-seafood-marinara-mix-approx.-250g-4377340
Coles RSPCA Approved Free Range Chicken Thigh Large Pack | approx 1.25kg,$20.62,/product/coles-rspca-approved-free-range-chicken-thigh-large-pack-approx.-1.25kg-3228800
Coles RSPCA Approved Free Range Chicken Whole | approx 1.6kg,$10.40,/product/coles-rspca-approved-free-range-chicken-whole-approx.-1.6kg-3228810
Coles Butcher Lamb Forequarter Chops | approx 1.177kg,$18.83,/product/coles-butcher-lamb-forequarter-chops-approx.-1.177kg-8599208
Coles RSPCA Approved Chicken Wing Nibbles | approx 1.1kg,$8.80,/product/coles-rspca-approved-chicken-wing-nibbles-approx.-1.1kg-2021544
Coles Butcher Lamb Forequarter Chops | approx 500g,$8.00,/product/coles-butcher-lamb-forequarter-chops-approx.-500g-8599241
Coles Deli Thawed Cooked Vannamei Prawns | approx 250g,$4.50,/product/coles-deli-thawed-cooked-vannamei-prawns-approx.-250g-4273050
Coles No Added Hormone Beef Quick Cook Scotch Fillet Steak | 170g,$8.00,/product/coles-no-added-hormone-beef-quick-cook-scotch-fillet-steak-170g-3293594
Coles Lamb Cutlets | approx 775g,$33.33,/product/coles-lamb-cutlets-approx.-775g-6546890
Coles Deli RSPCA Approved Chicken Drumsticks | approx 160g,$0.72,/product/coles-deli-rspca-approved-chicken-drumsticks-approx.-160g-2271643
Coles Extra Lean Pork Mince | 500g,$7.00,/product/coles-extra-lean-pork-mince-500g-8782430
Coles Deli Thawed Australian MSC Raw Banana Prawns | approx 250g,$6.50,/product/coles-deli-thawed-australian-msc-raw-banana-prawns-approx.-250g-8836813
Coles Chicken Sage And Thyme Sausages | 550g,$6.60,/product/coles-chicken-sage-and-thyme-sausages-550g-3923648
Coles RSPCA Approved Free Range Chicken Wing Nibbles | approx 600g,$4.80,/product/coles-rspca-approved-free-range-chicken-wing-nibbles-approx.-600g-3228832
Coles RSPCA Approved Chicken Tenderloins | approx 600g,$9.90,/product/coles-rspca-approved-chicken-tenderloins-approx.-600g-each-2263306
Coles No Added Hormone Beef Porterhouse Steak 2 Pack | 450g,$18.00,/product/coles-no-added-hormone-beef-porterhouse-steak-2-pack-450g-4997140
Coles No Added Hormone Beef Sandwich Steak | 400g,$11.00,/product/coles-no-added-hormone-beef-sandwich-steak-400g-3293379
Lilydale Free Range Chicken Breast Fillets Small Pack  | approx 600g,$11.70,/product/lilydale-free-range-chicken-breast-fillets-small-pack-approx.-600g-each-8227768
Coles RSPCA Approved Medium Whole Chicken | approx 1.65kg,$8.25,/product/coles-rspca-approved-medium-whole-chicken-approx.-1.65kg-2782438
Lilydale Free Range Chicken Tenderloins | 500g,$11.00,/product/lilydale-free-range-chicken-tenderloins-500g-1833384
Coles Deli Thawed Basa Fillets | approx 200g,$2.20,/product/coles-deli-thawed-basa-fillets-approx.-200g-each-9398755
Farms Beef Mince Family Pack | approx 1.9kg,$22.61,/product/farms-beef-mince-family-pack-approx.-1.9kg-4474528
Coles Lamb Cutlets | approx 320g,$13.76,/product/coles-lamb-cutlets-approx.-320g-3305070
Coles Lamb Leg Roast Half | approx 1.74kg,$20.88,/product/coles-lamb-leg-roast-half-approx.-1.74kg-9246065
Coles Beef Sizzle Steak | 400g,$12.00,/product/coles-beef-sizzle-steak-400g-1832188
Coles Pork Spare Ribs Rr 11X9 Large Tray | approx 800g,$16.80,/product/coles-pork-spare-ribs-rr-11x9-large-tray-approx.-800g-8600952
Coles Beef Stir Fry Strips | 500g,$12.00,/product/coles-beef-stir-fry-strips-500g-9990965
Coles Beef Eye Fillet Steak | approx 450g,$23.40,/product/coles-beef-eye-fillet-steak-approx.-450g-8599569
Coles Beef Chuck Casserole Steak | approx 900g,$16.20,/product/coles-beef-chuck-casserole-steak-approx.-900g-3537655
Coles RSPCA Approved Extra Large Whole Chicken | approx 2.4kg,$12.00,/product/coles-rspca-approved-extra-large-whole-chicken-approx.-2.4kg-each-9196739
Lilydale Free Range Whole Chicken | approx 1.27kg,$11.43,/product/lilydale-free-range-whole-chicken-approx.-1.27kg-each-7607184
Coles No Added Hormone Beef Rump Medallions | 300g,$10.00,/product/coles-no-added-hormone-beef-rump-medallions-300g-4678903
Coles Beef Garlic & Herb Sausages | 550g,$6.60,/product/coles-beef-garlic-and-herb-sausages-550g-3923681
Coles Beef Fillet Steak Small | approx 300g,$15.60,/product/coles-beef-fillet-steak-small-approx.-300g-4996680
Coles Quick Cook Pork Belly Slices | 350g,$9.50,/product/coles-quick-cook-pork-belly-slices-350g-3588816
Coles Graze Grass Fed Beef Mince | 500g,$10.00,/product/coles-graze-grass-fed-beef-mince-500g-2024280
Coles Tasmanian Salmon Portions Skin On | 280g,$12.00,/product/coles-tasmanian-salmon-portions-skin-on-280g-2878130
Steggles Turkey Mince | 500g,$6.50,/product/steggles-turkey-mince-500g-9277808
Coles No Added Hormone Beef Scotch Fillet Thin Sliced | 400g,$16.00,/product/coles-no-added-hormone-beef-scotch-fillet-thin-sliced-400g-3581963
Coles No Added Hormone Beef Quick Cook Porterhouse  Steak | 180g,$8.00,/product/coles-no-added-hormone-beef-quick-cook-porterhouse-steak-180g-3293583
Lilydale Chicken Breast Schnitzels | 400g,$12.50,/product/lilydale-chicken-breast-schnitzels-400g-2829699
Coles RSPCA Approved Chicken Thigh Fillets Small Pack | approx 700g,$10.50,/product/coles-rspca-approved-chicken-thigh-fillets-small-pack-approx.-700g-2263317
Coles Pork Ribs BBQ | approx 1.2kg,$24.00,/product/coles-pork-ribs-bbq-approx.-1.2kg-2747131
Coles Beef Scotch Steak Fillet 2 Pack | 480g,$21.00,/product/coles-beef-scotch-steak-fillet-2-pack-480g-4997220
Coles Pork Forequarter Cutlets | approx 750g,$9.38,/product/coles-pork-forequarter-cutlets-approx.-750g-each-2464476
Coles Tasmanian Salmon Portions Skin Off | 280g,$13.00,/product/coles-tasmanian-salmon-portions-skin-off-280g-1558144
Tassal Tasmanian Smoked Salmon | 250g,$17.00,/product/tassal-tasmanian-smoked-salmon-250g-3477123
Coles Butcher Lamb Loin Chops | approx 905g,$20.82,/product/coles-butcher-lamb-loin-chops-approx.-905g-8598985
Coles Lamb Leg Steak 2 Pack | 215g,$6.50,/product/coles-lamb-leg-steak-2-pack-215g-4501493
Ocean Blue Sliced Smoked Salmon | 100g,$7.50,/product/ocean-blue-sliced-smoked-salmon-100g-3024242
Coles RSPCA Approved Chicken Breast Schnitzel Plain Crumb | 600g,$10.50,/product/coles-rspca-approved-chicken-breast-schnitzel-plain-crumb-600g-5969865
Coles No Added Hormone Beef Scotch Steak With Truffle Butter | 265g,$11.00,/product/coles-no-added-hormone-beef-scotch-steak-with-truffle-butter-265g-3582478
Coles Deli Fresh Tasmanian Salmon Portions Skin Off | approx 250g,$9.00,/product/coles-deli-fresh-tasmanian-salmon-portions-skin-off-approx.-250g-8104860
Coles RSPCA Approved Chicken Breast Schnitzel Garlic & Herb Crumb | 600g,$10.50,/product/coles-rspca-approved-chicken-breast-schnitzel-garlic-and-herb-crumb-600g-9232956
Coles Graze Grassfed Beef Scotch Fillet Steak | 250g,$11.00,/product/coles-graze-grassfed-beef-scotch-fillet-steak-250g-3855286
Coles Boneless Pork Leg Roast | approx 2.1kg,$23.10,/product/coles-boneless-pork-leg-roast-approx.-2.1kg-4174794
Coles Deli Thawed Barramundi Fillets | approx 350g,$5.95,/product/coles-deli-thawed-barramundi-fillets-approx.-350g-9586449
Coles Pork Sirloin Steak | 500g,$11.50,/product/coles-pork-sirloin-steak-500g-3781703
Coles RSPCA Approved Chicken V Wings | approx 1.1kg,$9.35,/product/coles-rspca-approved-chicken-v-wings-approx.-1.1kg-2263339
Coles Gluten Free Beef Burgers Graze Grass Fed Oregano & Fresh Parsley | 500g,$9.00,/product/coles-gluten-free-beef-burgers-graze-grass-fed-oregano-and-fresh-parsley-500g-2529470
Coles Deli Fresh Australian Cooked Black Tiger Prawns | approx 250g,$8.25,/product/coles-deli-fresh-australian-cooked-black-tiger-prawns-approx.-250g-3950811
Coles Pork Sausage | 550g,$6.60,/product/coles-pork-sausage-550g-3923761
Coles Pork Spare Ribs | approx 330g,$6.93,/product/coles-pork-spare-ribs-approx.-330g-7451857
Coles Beef & Pork Meatballs Classic 28 Pack | 560g,$8.00,/product/coles-beef-and-pork-meatballs-classic-28-pack-560g-3569447
Coles Deli Thawed Cooked Prawn Plate Small | 200g,$8.00,/product/coles-deli-thawed-cooked-prawn-plate-small-200g-6487531
Coles RSPCA Approved Free Range Chicken Lovely Legs | approx 600g,$6.30,/product/coles-rspca-approved-free-range-chicken-lovely-legs-approx.-600g-3559636
