Item_name,
Fresh Bananas | approx 180g
Coles Hass Avocados | 1 each
Fresh Strawberries Prepacked | 250g
Coles Blueberries Prepacked | 125g
Coles Raspberries | 125g
Coles White Seedless Grapes Loose | approx 800g
Coles Lebanese Cucumbers | approx 210g
Coles Greenhouse Truss Tomatoes | approx 140g
Coles Blackberries | 170g
Coles Red Cherries Loose | approx 400g
Coles Grape Perino Tomatoes Prepacked | 200g
Coles Carrots Prepacked 1Kg | 1 each
Coles Broccoli | approx 340g
Coles Yellow Nectarines | approx 150g
Coles White Nectarines | approx 150g
Coles Honey Gold Mangoes Medium | 1 each
Fresh Brown Onions Loose | approx 180g
Coles Red Capsicum | approx 200g
Coles White Peaches | approx 150g
Coles Seedless Watermelon Cut | approx1.99 kg
Coles Yellow Peaches | approx 150g
Coles Red Onions Loose | approx 200g
Coles Medium Lemons | 1 each
Coles Iceberg Lettuce | 1 each
Coles Brown Onions | 1kg
Coles Continental Cucumbers Loose | 1 each
Coles Sweet Corn Prepacked | 4 pack
Coles Pink Lady Apples | approx 200g
Coles Green Zucchini | approx 260g
Coles Spring Onions | 1 bunch
Coles Sweet Corn | 1 each
Coles Baby Cucumbers | 250g
Fresh Medium Navel Oranges | approx 180g
Coles Carrots Loose | approx 170g
Coles Sweet Gold Potatoes Loose | approx 350g
Coles Kids Pack Bananas | 750g
Coles Lychees Loose | approx 20g
Coles Baby Broccoli | 1 each
Coles Creme Gold Washed Potatoes Loose | approx140g
Coles Fresh Loose Cup Mushrooms | approx 200g
Fresh Granny Smith Medium Apples | approx 170g
Coles Sleeved Herbs Coriander | 1 each
Coles Creme Royale Brushed Potatoes loose | approx 200g
Coles Field Tomatoes Loose | approx 110g
Coles Garlic loose | approx 60g
Coles Roma Tomatoes Loose | approx 100g
Coles Medium Calypso Mangoes | 1 each
Coles Baby Cos Lettuce | 2 pack
Tip Top The One White Sandwich Bread | 700g
Tip Top Thins Wholemeal Sandwich | 240g
Tip Top Original Thins Sandwich | 240g
Tip Top Sandwich Thins Lightly Seeded | 240g
Genius Gluten Free Farmhouse Soft Brown Bread Loaf | 535g
Genius Gluten Free Soft Brioche Rolls | 2 pack
Genius Gluten Free Crumpets | 4 pack
Genius Gluten Free Triple Seeded Soft Rolls | 2 pack
Burgen Wholemeal & Seeds Bread | 700g
Burgen Wholegrain & Oats Bread | 700g
Burgen Traditional Rye Bread | 700g
Golden Round Crumpets | 6 pack
Tip Top The One White Toast Bread | 700g
Coles Bakery Super Soft Round Rolls | 6 pack
Coles Bakery Croissants 3 Pack | 189g
Coles Bakery Rustic Rolls  | 4 pack
Coles Bakery Super Soft Hamburger Rolls | 6 pack
Helga's Traditional Wholemeal Bread | 750g
Peace Bakery Lebanese Bread White 6 pack | 500g
Wonder White Bread Wholemeal Plus Iron | 700g
Wonder White Bread + Vitamins & Mineral | 700g
Wonder White Bread + Vitamins Toast | 700g
Coles Hot Cross Buns Traditional Fruit | 6 pack
Helga's Mixed Grain Bread | 850g
Coles Bakery Croissants 4 Pack | 168g
Coles White Bread | 650g
Coles Mini Chocolate Chip Muffins | 9 Pack
Coles Hot Cross Buns Traditional Fruit | 6 pack
Tip Top Original English Muffins 6 Pack | 400g
Coles Bakery Stone Baked By Laurent Pane Di Casa | 1 each
Mr Kipling Angel Slice 6 pack | 165g
Coles Pain Au Chocolate | 220g
Golden Crumpet Square 6 pack | 425g
Mr Kipling Lemon Slices 6 Pack | 165g
Coles Turkish Rolls 4 pack | 400g
Mr Kipling Chocolate Slices 6 Pack | 155g
Coles Bakery Super Soft Hot Dog Rolls | 6 pack
Tip Top 9 Grain Original Bread | 700g
Tip Top The One Wholemeal Sandwich Bread | 700g
Tip Top Raisin Toast Bread | 520g
Coles Bakery Apple Fresh Cream Turnover | 1 each
Sauers Bread Turkish | 430g
Coles Soft White Sandwich | 700g
Coles Soft White Toast Loaf | 700g
Coles Bakery Flatbread White | 6 pack
Helga's Traditional White Bread | 750g
Coles Hot Cross Buns Fruit Free | 6 pack
Coles Bakery Tiger Rolls | 6 pack
Coles Soft Wholemeal Sandwich Loaf | 700g
Coles Wholemeal & Grain Soft Wraps 8 Pack | 360g
Coles Soft Multigrain Sandwich Loaf | 700g
Coles Bakery Vietnamese Rolls | 6 pack
Coles Finest By Laurent White Sourdough Rolls | 3 pack
Coles Bakery Stone Baked White Sourdough Vienna | 1 each
Peace Bakery Lebanese Bread Wholemeal 6 pack | 500g
Coles Hot Cross Buns Traditional Fruit Mini | 9 pack
Coles Soft White Wraps 8 pack | 360g
Coles Bakery Damper Inspired Rolls | 6 pack
Coles RSPCA Approved Whole Chicken Roast | 1 each
Hans Hot Twiggy Sticks | 500g
Hans Charcuterie Platter Sundried Tomato & Basil Salami Smoked Prosciutto Mild Twiggy Sticks | 250g
Hans Grazing Platter Hungarian Salami & Onion Relish 140g | 1 each
Hans Mild Twiggy Sticks | 500g
Hans Grazing Platter Danish Salami Cabanossi & Apricots | 1 each
Bertocchi Triple Smoked Leg Ham | approx 100g
Hans Milano Loin Ham | approx 100g
Coles Australian Made Ham On The Bone | approx 100g
Coles Silverside | approx 100g
Primo English Sliced Ham | 100g
Hans Devon | approx 100g
Lilydale Chicken Sage & Onion Roast | 1 each
Don Honey Leg Ham | approx 125g
Coles Deli Fresh Tasmanian Salmon Portions Skin On | approx 200g
Don Deli Leg Ham | approx 100g
Primo Middle Bacon Rind On | approx 100g
Primo Champagne Leg Ham | approx 100g
Don Premium Melosi Ham | approx 100g
Primo Short Cut Bacon | 1 kg
Primo Gluten Free Thinly Sliced Champagne Leg Ham | 100g
Thomson's Deli Supreme Chicken Breast | approx 100g
Don Virginian Leg Ham Sliced | approx 100g
Coles Deli Thawed Australian Msc Raw King Prawns | approx 250g
Jarlsberg Regular Cheese Sliced/Shaved | approx 100g
Coles RSPCA Approved BBQ Roasted Chicken Breast | approx 100g
Don White Hungarian Salami | approx 100g
Coles Deli Express Giant Pitted Kalamata Olives | 140g
Coles Deli Express Mediterranean Olives | 130g
Coles Deli Primo Cabanossi | 1 each
Primo Chicken Breast Thinly Sliced | 80g
Primo Manuka Honey Leg Ham | 100g
Coles Australian Made Champagne Ham | approx 125g
Primo Double Smoked Hickory Ham | approx 100g
Primo Gluten Free Thinly Sliced Hungarian Mild Salami | 80g
Bertocchi Regular Mortadella | approx 100g
Primo Short Cut Bacon | approx 250g
Coles Deli Thawed Basa Fillets | approx 200g
Primo Danish Salami | approx 100g
Primo Gluten Free Thinly Sliced Double Smoked Leg Ham | 100g
Paesanella Ricotta Cheese | approx 100g
Coles Deli Roast Beef | approx 100g
Primo Gluten Free Thinly Sliced Danish Mild Salami | 80g
Coles Deli Thawed Cooked Vannamei Prawns | approx 250g
Thomson'S Deli English Style Ham Quad Pack | 400g
Bertocchi Olive Mortadella | approx 100g
Coles Deli Fresh Tasmanian Salmon Portions Skin Off | approx 250g
Coles Deli Thawed Australian MSC Raw Banana Prawns | approx 250g
Coles Deli Thawed Barramundi Fillets | approx 350g
Coles Bacon Streaky | 200g
Coles Deli Express Lemon & Garlic Sicilian Olives | 115g
Coles Deli Pastrami | approx 100g
Arnott's Original Chocolate Tim Tam | 200g
Moccona Espresso Style Bold & Intense Instant Coffee | 200g
Moccona Classic Dark Roast Instant Coffee | 200g
Moccona Classic Medium Roast Instant Coffee | 200g
St Remio Coffee Expressi/Caffitaly Compatible Classic Capsules | 10 pack
Rapid Loss High Protein Meal Replacement Vanilla | 672g
Rapid Loss Gluten Free Chocolate Meal Replacement Shake | 740g
Rapid Loss Gluten Free Banana Meal Replacement Shake | 740g
Hellmann's Real Mayonnaise | 400g
Best Foods Real Mayonnaise | 405g
Hellmann's Real Mayonnaise | 400g
Kellogg's Nutri-Grain Protein Breakfast Cereal | 470g
Cheezels Original Cheese Snacks | 125g
Arnott's Jatz Original Biscuits | 225g
Coles Italian Diced Tomatoes | 400g
Arnott's Scotch Finger Biscuits | 250g
Oreo Creme Biscuits Original | 133g
John West Tempters Tuna in Olive Oil | 95g
Zooper Dooper 8 Cosmic Flavours Water Ice 70mL Tubes | 24 pack
Kellogg's Nutri-Grain Protein Breakfast Cereal | 765g
Arnott's Original BBQ Shapes | 175g
Doritos Corn Chips Supreme Cheese Share Pack | 170g
Nestle KitKat Milk Chocolate Bar | 45g
Arnott's Tim Tam Double Coat Chocolate Biscuits | 200g
Sanitarium Up&Go Choc Ice Cereal 6X250mL | 1.5L
Sanitarium Weet-Bix Breakfast Cereal | 1.2kg
Arnott's Original Pizza Shapes | 190g
Indomie Fried Mi Goreng Instant Noodles 5 Pack  | 85g
Coles Ultimate Cookies 40% Choc Chip | 400g
Sunrice Medium Grain White Rice | 5kg
Mars Chocolate Bar with Nougat & Caramel | 47g
Sirena Tuna in Oil Italian Style | 95g
Red Rock Deli Potato Chips Sweet Chilli And Sour Cream | 165g
Ritz Original Crackers | 300g
Cadbury Dairy Milk Chocolate Block | 180g
Coles Corn Kernels | 420g
John West Tempters Tuna Chunks in Springwater | 95g
Snickers Chocolate Bar Peanuts Caramel Nougat | 44g
Arnott's Chicken Crimpy Shapes | 175g
Coles White Plain Flour | 1Kg
Coles Chick Peas | 420g
John West Tempters Chilli Tuna | 95g
Red Rock Deli Honey Soy Chicken Potato Chips | 165g
Pringles Minis Sour Cream & Onion Potato Chips 5 pack | 95g
Arnott's Mint Slice Chocolate Biscuits | 200g
Maltesers Milk Chocolate Snack & Share Bag | 140g
Real Foods Original Corn Thins | 150g
Smith's Crinkle Cut Original Potato Chips | 170g
Sanitarium Weet Bix Breakfast Cereal | 575g
Coles Long Grain Rice | 1kg
Coles Italian Passata Sauce | 700g
Coles Basmati Rice | 1kg
Arnott's Original Salada | 250g
La Espanola Extra Virgin Olive Oil | 1L
Cobs Popcorn Sea Salt 5 Pack | 65g
Arnott's Original Cruskits | 125g
Eclipse Spearmint Sugar Free Mints Tin | 40g
Pringles Minis Multi Pack Original 5 Pack | 95g
Zooper Dooper 8 Cosmic Flavours Water Ice 70mL Tubes | 24 pack
Streets Blue Ribbon Duos Caramel Hokey Pokey | 2L
Weis Mango Ice Cream Bars 4 Pack | 280mL
Weis Mini Mango Fruit Ice Bars 8 pack | 280 mL
Streets Blue Ribbon Duos Berry Passion Pavlova | 2L
Weis Mango & Macadamia Ice Cream Bars 4 pack | 280mL
Streets Blue Ribbon Duo Chocolate Affair | 2L
Magnum Ice Cream Mini Almond 6Pack | 360mL
Magnum Ice Cream Mini Classic 6Pack | 360mL
Streets Paddle Pop Rainbow | 544mL
Magnum Ice Cream Almond 4Pack | 428mL
Connoisseur Classic Vanilla Ice Cream Tub | 1L
McCain Rosemary & Garlic Sweet Potato | 750g
Coles Frozen Fruit Mixed Berries | 500g
Streets Blue Ribbon Vanilla Ice Cream Tub | 2L
McCain Frozen Sweet Potato Chips | 750g
Zooper Dooper No Sugar Ice Water | 24 Pack
Connoisseur Ice Cream Cookies & Cream | 1L
Coles Frozen Carrots Corn & Peas | 1kg
Coles Frozen Baby Peas | 500g
Connoisseur Ice Cream Honey Macadamia | 1L
Bulla Splits Multi Flavoured Ice Cream Sticks 10 pack | 750mL
Coles Frozen Diced Mango | 500g
Connoisseur Ice Cream Cafe Grande | 1L
Bells Frozen Pure Bagged Ice | 5kg
Coles Frozen Fruit Blueberries | 500g
Coles Frozen Sweet Potato Chips | 750g
Connoisseur Ice Cream Salted Caramel 4 Pack | 400mL
Connoisseur Ice Cream Camarosa Strawberry | 1L
Coles Vanilla Ice Cream Sandwich 4 Pack | 440mL
Coles Frozen Four Fruits Mix | 500g
Bulla Creamy Classics Vanilla Ice Cream Tub | 2L
Coles Frozen Broccoli Florets | 500g
Coles Frozen Peas | 500g
Connoisseur Ice Cream Mini Salted Caramel & Macadamia 6 Pack | 360mL
Connoisseur Rocky Road 4 Pack | 360mL
Coles Frozen Corn Kernels | 1kg
Bulla Creamy Classics Cookies & Cream Ice Cream Tub | 2L
Snickers Creamy Ice Bar 6 Pack | 300mL
Connoisseur Ice Cream Roasted Hazelnut 4 Pack | 400mL
Connoisseur Ice Cream Vanilla Almond 4 Pack | 400mL
Bulla Frozen Variety Minis Yoghurt  14 pack | 506g
Coles Frozen Peas | 1kg
Connoisseur Ice Cream Belgian Chocolate | 1L
Peters Drumstick Minis Vanilla Ice Cream 6 pack | 490mL
Coles Cookies & Cream Ice Cream Sandwich 4 Pack | 440 ml
Peters Drumstick Vanilla Ice Cream 4 pack | 475mL
Connoisseur Salted Pretzel 4 Pack | 360mL
Bulla Crunch Multi Flavoured Ice Cream Sticks 8 pack | 631mL
Hong Kong Dim Sim Pork Prawn And Mushroom Siu Mai | 300g
Hong Kong Dim Sim BBQ Pork Buns | 300g
Coles Frozen Cut Beans | 1kg
Coles Chocolate Coated Ice Creams 10 Pack | 865mL
Connoisseur Ice Cream Cookies & Cream 4 Pack | 400mL
Connoisseur Ice Cream Matcha Green Tea With White Choc 1Litre | 1L
Coles Vanilla Ice Cream Cones | 475mL
Peters Gluten Free Frosty Fruits Watermelon Slice Ice Cream Stick 8 pack | 520mL
Coles Basa Portions Skin Off 2 Pack | 260g
U by Kotex Designer Series Liners | 30 pack
Skin Republic Hyaluronic Acid + Collagen Face Mask | 1 pack
Skin Republic Collagen Hydrogel Under Eye Patches | 6 pack
Le Tan Uber Dark Green Base Tanning Foam | 200mL
Skin Republic Ceramide Sheet Mask | 1 each
Maybelline Colossal Curl Bounce Black Mascara | 9mL
Maybelline Colossal Big Shot Volume Express Blackest Mascara | 9.7mL
Maybelline Colossal Curl Bounce Waterproof Black Mascara | 9mL
Le Tan SPF 15 Coconut Lotion | 125mL
Maybelline The Falsies Volume Express Blackest Black Mascara | 7.5mL
Maybelline The Falsies Lash Lift Blackest Black Mascara | 9.6mL
U by Kotex Designer Series Pads Regular With Wings | 22 pack
U by Kotex Sport Ultrathin Pads Regular With Wings | 12 pack
U by Kotex Sport Ultrathin Pads Super With Wings | 10 pack
Panadol Rapid Caplets for Pain Relief Paracetamol 500mg | 20 pack
Coles Cotton Make-Up Pads Round | 80 pack
Listerine Freshburst Antibacterial Mouthwash | 500mL
U by Kotex Sport Liners | 30 pack
Coles Shower Puff | 1 each
U by Kotex Sport Tampons Regular | 16 pack
Coles Paracetamol Caplets | 20 pack
Colgate Advanced Whitening & Tartar Toothpaste | 115g
Colgate Total Advanced Clean Toothpaste | 200g
Oral B 3D White 2 In 1 Whitening Long Lasting Freshness Paste | 110g
Colgate Great Regular Flavour Toothpaste | 180g
Nivea Black & White Clear Invisible Aerosol Antiperspirant Deodorant | 250mL
Nivea Men Deep Aerosol Antiperspirant Deodorant | 250mL
Oral B Pro Health Advanced Deep Clean | 110g
Nivea Rich Nourishing Body Lotion | 400mL
Libra Pads Ultra Thin Regular Wings | 14 pack
Nivea Men Cool Kick Aerosol Antiperspirant Deodorant | 250mL
Oral B 3D White  2 In 1 Whitening Strengthens Enamel Paste | 110g
Nivea Men Invisible Black And White Power Aerosol Antiperspirant Deodorant | 250mL
Oral-B Essential Waxed Dental Floss | 2x50m
Coles Antibacterial Hand Wash Lime Fresh | 1L
Colgate Advanced Whitening Toothpaste | 115g
Listerine Total Care Antibacterial Mouthwash | 500mL
Nurofen Zavance Fast Pain Relief 200mg Ibuprofen Liquid Capsules | 20 pack
Coles Antibacterial Hand Wash Refill Aloe Vera & Chamomile | 1L
Panadol Paracetamol Pain Relief Tablets | 20 pack
Swisspers Cotton Round Make Up Pads | 80 pack
Colgate Triple Action Toothpaste | 80g
Oral-B Gum Care & Sensitivity Repair Toothpaste | 110g
Colgate Triple Action Toothpaste | 165g
Swisspers Cotton Tips Paperstems | 400 pack
U by Kotex Cotton Ultrathin Pads Overnight With Wings | 8 pack
Dove Beauty Bar Regular | 4 pack
Coles Dental Flossers | 30 pack
Coles Cotton Wool Tips Paper Stem | 400 pack
Libra Goodnights Extra Long With Wings Pads | 10 pack
Panadol Optizorb Paracetamol Caplets | 20 pack
Palmolive Anti-Stress Shower Gel | 500mL
Panadol Mini Caps for Pain Relief Paracetamol 500mg | 20 pack
Rexona Women Antiperspirant Aerosol Deodorant Sexy Bouquet | 250mL
Nivea Express Hydration Body Lotion | 400mL
Coles Cotton Wool Tips Paper Stem | 200 pack
Coles Antibacterial Hand Wash Sweet Orange | 1L
Oral B Gum Care & Breath Purify Toothpaste | 110g
Coca-Cola Classic Soft Drink Bottle | 1.25L
Moccona Classic Medium Roast Instant Coffee | 200g
Moccona Classic Dark Roast Instant Coffee | 200g
Moccona Espresso Style Bold & Intense Instant Coffee | 200g
St Remio Coffee Expressi/Caffitaly Compatible Classic Capsules | 10 pack
Just Juice Orange Mango Juice Multipack 200mL | 6 pack
Just Juice Apple Juice Multipack 200mL | 6 pack
Just Juice Apple Blackcurrant Juice Multipack 200mL | 6 pack
Just Juice Paradise Punch Juice Multipack 200mL | 6 pack
Schweppes Zero Sugar Solo Soft Drink | 24 pack
Solo Original Lemon Thirst Crusher Multipack Cans 375mL | 30 pack
Coles Spring Water 24X600Ml | 24 pack
Coles Natural Spring Water | 1.5L
Coca-Cola No Sugar Soft Drink Bottle | 1.25L
Coles Natural Mineral Water | 1.25L
Coles Australian Full Cream Long Life Milk | 1L
Coles Soda Water | 1.25L
Powerade ION4 Berry Ice Sports Drink Sipper Cap | 600mL
Mount Franklin Spring Water Bottle | 600mL
Raw C Pure Natural Coconut Water | 1L
Powerade ION4 Mountain Blast Sports Drink Sipper Cap | 600mL
Lipton Peach Ice Tea | 1.5L
Pump Spring Water Bottle | 750mL
Coca-Cola No Sugar Soft Drink Multipack Mini Cans 6x250mL | 6 pack
Cocobella Coconut Water Straight Up | 1L
Sanitarium So Good Long Life Unsweetened Almond Milk | 1L
Coles Australian Lite Long Life Milk | 1L
Coca-Cola No Sugar Soft Drink Bottle | 600mL
Coca-Cola Classic Soft Drink Multipack Mini Cans 6x250mL | 6 pack
Coca-Cola No Sugar Soft Drink Bottle | 2L
Coles Natural Spring Water 350mL | 24 pack
Coles Water 12x600mL | 12 pack
Coca-Cola Classic Soft Drink Bottle | 600mL
Mount Franklin Lightly Sparkling Water Natural | 1.25L
Coca-Cola Classic Soft Drink Bottle | 2L
Devondale Full Cream Long Life Milk | 1L
Red Bull Energy Drink Single Can | 250mL
Pepsi Max Soft Drink | 2L
Nudie Pulp Oranges Juice Chilled | 2L
Frantelle Natural Spring Water 600ml | 24 pack
Coca-Cola No Sugar Soft Drink Can | 250mL
Mount Franklin Lightly Sparkling Water Lime | 1.25L
Coles Spring Water 8x1.5L | 8 pack
Coca-Cola Classic Soft Drink Can | 250mL
Sanitarium So Good Long Life Regular Soy Milk | 1L
Mount Franklin Sparklin Water Natural Bottle | 450mL
Vitasoy UHT Oat Milk | 1L
Coca-Cola No Sugar Soft Drink Multipack Cans 24 x 375mL | 24 pack
Mount Franklin Spring Water Bottle | 1L
Coles Lactose Free Long Life Full Cream Milk | 1L
Lipton Lemon Ice Tea | 1.5L
Coles Lactose Free UHT Low Fat Milk | 1L
Pepsi Max Soft Drink | 1.25L
Coles Apple Juice | 2L
Sprite Lemonade Soft Drink Bottle | 1.25L
Gatorade Orange Ice Sports Drink | 600mL
Coca-Cola Classic Soft Drink Multipack Bottles 12 x 300mL | 12 pack
Mount Franklin Lightly Sparkling Water Lemon | 1.25L
Coles RSPCA Approved Chicken Breast Fillets Large Pack | approx 1.4kg
Huon Premium Fresh Tasmanian Salmon Portions Skin On 2 pack | 280g
Primo Gourmet Caramelised Onion Pork Sausage | 450g
Huon Premium Cold Smoked Salmon | 100g
Huon Premium Fresh Tasmanian Salmon Portions Skin Off 2 Pack | 280g
Primo Gourmet World Flavours South African Boerewors | 450g
Primo Gourmet World Flavours German Bratwurst Sausage | 450g
Primo Beef With Cracked Black Pepper | 450g
Primo Pork With Caramelised Garlic Chives Sausages | 450g
Primo Gourmet Beef & Pork Chorizo Sausage | 450g
Coles Beef 5 Star Extra Lean Mince | 500g
Coles RSPCA Approved Free Range Chicken Breast Large Pack | approx 1.25kg
Coles RSPCA Approved Chicken Thigh Fillets Large Pack | approx 1.2kg
Coles Beef 4 Star Lean Mince | 500g
Coles RSPCA Approved Chicken Drumsticks Large Pack | approx 1.6kg
Coles Beef 3 Star Regular Mince      | 500g
Coles Beef 4 Star Lean Mince | 800g
Coles RSPCA Approved Chicken Breast Fillets Small Pack | approx 600g
Coles Pork Regular Mince | 500g
Coles Pork & Beef 3 Star Mince Bolognese | 500g
Coles RSPCA Approved Chicken Thigh Fillets Small Pack | approx 700g
Coles Tasmanian Salmon Portions Skin On | 460g
Coles Beef 3 Star Regular Mince | 1kg
Coles RSPCA Approved Free Range Chicken Thigh Large Pack | approx 1.25kg
Coles Beef Eye Fillet Steak | approx 450g
Coles RSPCA Approved Chicken Wing Nibbles | approx 1.1kg
Coles Free Range RSPCA Approved Chicken Drumsticks | approx 1.4kg
Coles Deli Fresh Tasmanian Salmon Portions Skin On | approx 200g
Coles RSPCA Approved Chicken Tenderloins | approx 600g
Coles RSPCA Approved Free Range Chicken Breast Fillet Small Pack | approx 600g
Farms Beef Mince Family Pack | approx 1.9kg
Coles Bulk Lamb Cutlets Rr 11x9 | approx 775g
Coles Extra Lean Pork Mince | 500g
Coles Beef Scotch Steak Fillet 2 Pack | 480g
Lilydale Free Range Chicken Breast Fillets Bulk Pack  | approx 1kg
Coles Beef Gravy | approx 608g
Coles RSPCA Approved Free Range Chicken Wing Nibbles | approx 600g
Coles RSPCA Approved Chicken V Wings | approx 1.1kg
Coles No Added Hormone Beef Quick Cook Scotch Fillet Steak | 170g
Coles No Added Hormone Beef Sandwich Steak | 400g
Coles Deli Thawed Australian Msc Raw King Prawns | approx 250g
Coles RSPCA Approved Chicken Mince | 500g
Coles The Original Beef Sausages | 550g
Coles RSPCA Approved Free Range Chicken Tenderloins | approx 600g
Coles Lamb Cutlets | approx 320g
Coles RSPCA Approved Free Range Chicken Whole | approx 1.6kg
Coles Beef Stir Fry Strips | 500g
Coles No Added Hormone Beef Scotch Fillet Thin Sliced | 400g
Coles Pork Spare Ribs | approx 950g
Coles RSPCA Approved Medium Whole Chicken | approx 1.65kg
Coles Pork Loin Chops | approx 887g
Coles Beef Rump Steak | approx 488g
Coles Beef Rump Steak | approx 844g
Coles Tasmanian Salmon Portions Skin Off | 460g
Coles Quick Cook Pork Belly Slices | 350g
Coles Beef Quick VSP Porterhouse Steak | 180g
Coles Beef Sizzle Steak | 400g, git
Fresh Bananas | approx 180g
Coles Hass Avocados | 1 each
Fresh Strawberries Prepacked | 250g
Coles Blueberries Prepacked | 125g
Coles Raspberries | 125g
Coles White Seedless Grapes Loose | approx 800g
Coles Lebanese Cucumbers | approx 210g
Coles Greenhouse Truss Tomatoes | approx 140g
Coles Blackberries | 170g
Coles Grape Perino Tomatoes Prepacked | 200g
Coles Red Cherries Loose | approx 400g
Coles Carrots Prepacked 1Kg | 1 each
Coles Broccoli | approx 340g
Coles Yellow Nectarines | approx 150g
Coles White Nectarines | approx 150g
Fresh Brown Onions Loose | approx 180g
Coles Red Capsicum | approx 200g
Coles Honey Gold Mangoes Medium | 1 each
Coles White Peaches | approx 150g
Coles Seedless Watermelon Cut | approx1.99 kg
Coles Medium Lemons | 1 each
Coles Red Onions Loose | approx 200g
Coles Yellow Peaches | approx 150g
Coles Brown Onions | 1kg
Coles Iceberg Lettuce | 1 each
Coles Sweet Corn Prepacked | 4 pack
Coles Continental Cucumbers Loose | 1 each
Coles Pink Lady Apples | approx 200g
Coles Green Zucchini | approx 260g
Coles Spring Onions | 1 bunch
Fresh Medium Navel Oranges | approx 180g
Coles Sweet Corn | 1 each
Coles Baby Cucumbers | 250g
Coles Carrots Loose | approx 170g
Coles Sweet Gold Potatoes Loose | approx 350g
Coles Kids Pack Bananas | 750g
Coles Baby Broccoli | 1 each
Coles Creme Gold Washed Potatoes Loose | approx140g
Coles Fresh Loose Cup Mushrooms | approx 200g
Coles Lychees Loose | approx 20g
Fresh Granny Smith Medium Apples | approx 170g
Coles Sleeved Herbs Coriander | 1 each
Coles Creme Royale Brushed Potatoes loose | approx 200g
Coles Field Tomatoes Loose | approx 110g
Coles Cup Mushrooms | 500g
Coles Medium Calypso Mangoes | 1 each
Coles Garlic loose | approx 60g
Coles Roma Tomatoes Loose | approx 100g
Tip Top The One White Sandwich Bread | 700g
Tip Top Thins Wholemeal Sandwich | 240g
Tip Top Sandwich Thins Lightly Seeded | 240g
Tip Top Original Thins Sandwich | 240g
Genius Gluten Free Triple Seeded Soft Rolls | 2 pack
Genius Gluten Free Farmhouse Soft Brown Bread Loaf | 535g
Genius Gluten Free Crumpets | 4 pack
Genius Gluten Free Soft Brioche Rolls | 2 pack
Burgen Soy & Linseed Bread | 700g
Burgen Prebiotic Wholemeal And Spelt Bread | 700g
Burgen Prebiotic Whole Grain And Quinoa Bread | 700g
Golden Round Crumpets | 6 pack
Tip Top The One White Toast Bread | 700g
Coles Bakery Super Soft Round Rolls | 6 pack
Coles Bakery Croissants 3 Pack | 189g
Helga's Traditional Wholemeal Bread | 750g
Coles Bakery Super Soft Hamburger Rolls | 6 pack
Coles Bakery Rustic Rolls  | 4 pack
Peace Bakery Lebanese Bread White 6 pack | 500g
Wonder White Bread Wholemeal Plus Iron | 700g
Wonder White Bread + Vitamins & Mineral | 700g
Wonder White Bread + Vitamins Toast | 700g
Helga's Mixed Grain Bread | 850g
Coles Hot Cross Buns Traditional Fruit | 6 pack
Coles Bakery Croissants 4 Pack | 168g
Coles Bakery Stone Baked By Laurent Pane Di Casa | 1 each
Coles Mini Chocolate Chip Muffins | 9 Pack
Coles White Bread | 650g
Tip Top Original English Muffins 6 Pack | 400g
Mr Kipling Angel Slice 6 pack | 165g
Coles Hot Cross Buns Traditional Fruit | 6 pack
Golden Crumpet Square 6 pack | 425g
Coles Pain Au Chocolate | 220g
Mr Kipling Lemon Slices 6 Pack | 165g
Coles Turkish Rolls 4 pack | 400g
Coles Bakery Super Soft Hot Dog Rolls | 6 pack
Tip Top 9 Grain Original Bread | 700g
Mr Kipling Chocolate Slices 6 Pack | 155g
Tip Top The One Wholemeal Sandwich Bread | 700g
Tip Top Raisin Toast Bread | 520g
Sauers Bread Turkish | 430g
Coles Soft White Sandwich | 700g
Coles Bakery Apple Fresh Cream Turnover | 1 each
Coles Soft White Toast Loaf | 700g
Coles Hot Cross Buns Fruit Free | 6 pack
Coles Bakery Flatbread White | 6 pack
Helga's Traditional White Bread | 750g
Coles Bakery Tiger Rolls | 6 pack
Coles Wholemeal & Grain Soft Wraps 8 Pack | 360g
Coles Bakery Stone Baked White Sourdough Vienna | 1 each
Coles Finest By Laurent White Sourdough Rolls | 3 pack
Coles Soft Multigrain Sandwich Loaf | 700g
Abbott's Bakery Farmhouse Wholemeal Bread | 750g
Coles Soft Wholemeal Sandwich Loaf | 700g
Coles Hot Cross Buns Traditional Fruit Mini | 9 pack
Coles Soft White Wraps 8 pack | 360g
Coles Bakery Damper Inspired Rolls | 6 pack
Peace Bakery Lebanese Bread Wholemeal 6 pack | 500g
Coles RSPCA Approved Whole Chicken Roast | 1 each
Hans Grazing Platter Danish Salami Cabanossi & Apricots | 1 each
Hans Hot Twiggy Sticks | 500g
Hans Charcuterie Platter Sundried Tomato & Basil Salami Smoked Prosciutto Mild Twiggy Sticks | 250g
Hans Mild Twiggy Sticks | 500g
Hans Grazing Platter Hungarian Salami & Onion Relish 140g | 1 each
Bertocchi Triple Smoked Leg Ham | approx 100g
Coles Silverside | approx 100g
Coles Australian Made Ham On The Bone | approx 100g
Hans Milano Loin Ham | approx 100g
Primo English Sliced Ham | 100g
Hans Devon | approx 100g
Coles Deli Fresh Tasmanian Salmon Portions Skin On | approx 200g
Don Deli Leg Ham | approx 100g
Lilydale Chicken Sage & Onion Roast | 1 each
Don Honey Leg Ham | approx 125g
Primo Middle Bacon Rind On | approx 100g
Primo Champagne Leg Ham | approx 100g
Don Premium Melosi Ham | approx 100g
Primo Short Cut Bacon | 1 kg
Don Virginian Leg Ham Sliced | approx 100g
Primo Gluten Free Thinly Sliced Champagne Leg Ham | 100g
Thomson's Deli Supreme Chicken Breast | approx 100g
Coles Deli Thawed Australian Msc Raw King Prawns | approx 250g
Jarlsberg Regular Cheese Sliced/Shaved | approx 100g
Coles RSPCA Approved BBQ Roasted Chicken Breast | approx 100g
Coles Deli Express Giant Pitted Kalamata Olives | 140g
Primo Double Smoked Hickory Ham | approx 100g
Coles Deli Express Mediterranean Olives | 130g
Don White Hungarian Salami | approx 100g
Coles Deli Primo Cabanossi | 1 each
Primo Chicken Breast Thinly Sliced | 80g
Primo Manuka Honey Leg Ham | 100g
Coles Australian Made Champagne Ham | approx 125g
Primo Gluten Free Thinly Sliced Hungarian Mild Salami | 80g
Primo Short Cut Bacon | approx 250g
Bertocchi Regular Mortadella | approx 100g
Primo Danish Salami | approx 100g
Coles Deli Thawed Basa Fillets | approx 200g
Primo Gluten Free Thinly Sliced Double Smoked Leg Ham | 100g
Paesanella Ricotta Cheese | approx 100g
Thomson'S Deli English Style Ham Quad Pack | 400g
Coles Deli Roast Beef | approx 100g
Primo Gluten Free Thinly Sliced Danish Mild Salami | 80g
Bertocchi Olive Mortadella | approx 100g
Coles Deli Thawed Cooked Vannamei Prawns | approx 250g
Coles Deli Fresh Tasmanian Salmon Portions Skin Off | approx 250g
Coles Deli Thawed Australian MSC Raw Banana Prawns | approx 250g
Coles Deli Thawed Raw Peeled Prawn Meat | approx 250g
Coles Deli Thawed Barramundi Fillets | approx 350g
Coles Bacon Streaky | 200g
Coles BBQ Seasoned Shredded Chicken | approx100g
Arnott's Original Chocolate Tim Tam | 200g
Moccona Espresso Style Bold & Intense Instant Coffee | 200g
Moccona Classic Dark Roast Instant Coffee | 200g
Moccona Classic Medium Roast Instant Coffee | 200g
St Remio Coffee Expressi/Caffitaly Compatible Classic Capsules | 10 pack
Rapid Loss Gluten Free Banana Meal Replacement Shake | 740g
Rapid Loss Gluten Free Chocolate Meal Replacement Shake | 740g
Rapid Loss High Protein Meal Replacement Vanilla | 672g
Best Foods Real Mayonnaise | 405g
Hellmann's Real Mayonnaise | 400g
Best Foods Real Mayonnaise Jar | 810g
Cheezels Original Cheese Snacks | 125g
Kellogg's Nutri-Grain Protein Breakfast Cereal | 470g
Arnott's Jatz Original Biscuits | 225g
John West Tempters Tuna in Olive Oil | 95g
Coles Italian Diced Tomatoes | 400g
Kellogg's Nutri-Grain Protein Breakfast Cereal | 765g
Arnott's Scotch Finger Biscuits | 250g
Oreo Creme Biscuits Original | 133g
Arnott's Original BBQ Shapes | 175g
Doritos Corn Chips Supreme Cheese Share Pack | 170g
Arnott's Original Pizza Shapes | 190g
Sanitarium Weet-Bix Breakfast Cereal | 1.2kg
Nestle KitKat Milk Chocolate Bar | 45g
Sunrice Medium Grain White Rice | 5kg
Arnott's Tim Tam Double Coat Chocolate Biscuits | 200g
Sanitarium Up&Go Choc Ice Cereal 6X250mL | 1.5L
Indomie Fried Mi Goreng Instant Noodles 5 Pack  | 85g
Zooper Dooper 8 Cosmic Flavours Water Ice 70mL Tubes | 24 pack
Coles Ultimate Cookies 40% Choc Chip | 400g
John West Tempters Tuna Chunks in Springwater | 95g
Ritz Original Crackers | 300g
Coles Corn Kernels | 420g
Arnott's Chicken Crimpy Shapes | 175g
Mars Chocolate Bar with Nougat & Caramel | 47g
Coles White Plain Flour | 1Kg
Sirena Tuna in Oil Italian Style | 95g
John West Tempters Chilli Tuna | 95g
Red Rock Deli Potato Chips Sweet Chilli And Sour Cream | 165g
Cadbury Dairy Milk Chocolate Block | 180g
Coles Chick Peas | 420g
Maltesers Milk Chocolate Snack & Share Bag | 140g
Real Foods Original Corn Thins | 150g
Pringles Minis Sour Cream & Onion Potato Chips 5 pack | 95g
Snickers Chocolate Bar Peanuts Caramel Nougat | 44g
Red Rock Deli Honey Soy Chicken Potato Chips | 165g
Sanitarium Weet Bix Breakfast Cereal | 575g
Cobs Popcorn Sea Salt 5 Pack | 65g
Smith's Crinkle Cut Original Potato Chips | 170g
Coles Italian Passata Sauce | 700g
La Espanola Extra Virgin Olive Oil | 1L
Arnott's Mint Slice Chocolate Biscuits | 200g
Eclipse Spearmint Sugar Free Mints Tin | 40g
Coles Long Grain Rice | 1kg
Coles Basmati Rice | 1kg
Arnott's Original Salada | 250g
Arnott's Original Cruskits | 125g
Kellogg's Coco Pops Chocolatey Breakfast Cereal | 650g
Connoisseur Classic Vanilla Ice Cream Tub | 1L
Streets Blue Ribbon Duo Chocolate Affair | 2L
Streets Blue Ribbon Duos Berry Passion Pavlova | 2L
Weis Mango & Macadamia Ice Cream Bars 4 pack | 280mL
Weis Mini Mango Fruit Ice Bars 8 pack | 280 mL
Weis Mango Ice Cream Bars 4 Pack | 280mL
Streets Blue Ribbon Duos Caramel Hokey Pokey | 2L
Streets Paddle Pop Banana | 544mL
Magnum Ice Cream Mini Classic 6Pack | 360mL
Streets Paddle Pop Chocolate | 544mL
Magnum Ice Cream Classic 4Pack | 428mL
Zooper Dooper 8 Cosmic Flavours Water Ice 70mL Tubes | 24 pack
McCain Rosemary & Garlic Sweet Potato | 750g
Coles Frozen Fruit Mixed Berries | 500g
Streets Blue Ribbon Vanilla Ice Cream Tub | 2L
McCain Frozen Sweet Potato Chips | 750g
Coles Frozen Carrots Corn & Peas | 1kg
Zooper Dooper No Sugar Ice Water | 24 Pack
Connoisseur Ice Cream Cookies & Cream | 1L
Bulla Splits Multi Flavoured Ice Cream Sticks 10 pack | 750mL
Coles Frozen Baby Peas | 500g
Bulla Creamy Classics Vanilla Ice Cream Tub | 2L
Bells Frozen Pure Bagged Ice | 5kg
Coles Frozen Fruit Blueberries | 500g
Coles Vanilla Ice Cream Sandwich 4 Pack | 440mL
Coles Frozen Four Fruits Mix | 500g
Connoisseur Ice Cream Honey Macadamia | 1L
Coles Frozen Diced Mango | 500g
Connoisseur Ice Cream Cafe Grande | 1L
Coles Frozen Broccoli Florets | 500g
Bulla Creamy Classics Cookies & Cream Ice Cream Tub | 2L
Coles Frozen Sweet Potato Chips | 750g
Connoisseur Ice Cream Salted Caramel 4 Pack | 400mL
Connoisseur Ice Cream Camarosa Strawberry | 1L
Coles Frozen Peas | 500g
Bulla Frozen Variety Minis Yoghurt  14 pack | 506g
Coles Frozen Corn Kernels | 1kg
Connoisseur Rocky Road 4 Pack | 360mL
Bulla Crunch Multi Flavoured Ice Cream Sticks 8 pack | 631mL
Hong Kong Dim Sim BBQ Pork Buns | 300g
Snickers Creamy Ice Bar 6 Pack | 300mL
Connoisseur Ice Cream Mini Salted Caramel & Macadamia 6 Pack | 360mL
Hong Kong Dim Sim Pork Prawn And Mushroom Siu Mai | 300g
Connoisseur Ice Cream Roasted Hazelnut 4 Pack | 400mL
Hong Kong Dim Sim Pork And Chive Dumplings | 300g
Coles Chocolate Coated Ice Creams 10 Pack | 865mL
Coles Frozen Peas | 1kg
Coles Cookies & Cream Ice Cream Sandwich 4 Pack | 440 ml
Coles Frozen Fruit Raspberries | 500g
Connoisseur Ice Cream Vanilla Almond 4 Pack | 400mL
Coles Frozen Cut Beans | 1kg
Peters Drumstick Vanilla Ice Cream 4 pack | 475mL
Peters Gluten Free Frosty Fruits Watermelon Slice Ice Cream Stick 8 pack | 520mL
Connoisseur Ice Cream Belgian Chocolate | 1L
Coles Basa Portions Skin Off 2 Pack | 260g
Coles Frozen Australian Peas | 1kg
Connoisseur Salted Pretzel 4 Pack | 360mL
U by Kotex Designer Series Liners | 30 pack
Skin Republic Hyaluronic Acid + Collagen Face Mask | 1 pack
Le Tan Uber Dark Green Base Tanning Foam | 200mL
Skin Republic Ceramide Sheet Mask | 1 each
Maybelline Colossal Curl Bounce Waterproof Black Mascara | 9mL
Maybelline Colossal Curl Bounce Black Mascara | 9mL
Maybelline Colossal Big Shot Volume Express Blackest Mascara | 9.7mL
Le Tan SPF 15 Coconut Lotion | 125mL
Maybelline The Falsies Volume Express Blackest Black Mascara | 7.5mL
Maybelline Lash Sensational Sky High Washable Mascara Blackest Black | 7.2mL
Maybelline Lash Sensational Blackest Black Mascara | 9mL
U by Kotex Sport Ultrathin Pads Regular With Wings | 12 pack
U by Kotex Designer Series Pads Regular With Wings | 22 pack
U by Kotex Sport Ultrathin Pads Super With Wings | 10 pack
Panadol Rapid Caplets for Pain Relief Paracetamol 500mg | 20 pack
Coles Cotton Make-Up Pads Round | 80 pack
Listerine Freshburst Antibacterial Mouthwash | 500mL
U by Kotex Sport Liners | 30 pack
Coles Shower Puff | 1 each
U by Kotex Sport Tampons Regular | 16 pack
Colgate Advanced Whitening & Tartar Toothpaste | 115g
Coles Paracetamol Caplets | 20 pack
Oral-B Essential Waxed Dental Floss | 2x50m
Oral B 3D White 2 In 1 Whitening Long Lasting Freshness Paste | 110g
Colgate Total Advanced Clean Toothpaste | 200g
Oral B Pro Health Advanced Deep Clean | 110g
Colgate Great Regular Flavour Toothpaste | 180g
Libra Pads Ultra Thin Regular Wings | 14 pack
Listerine Total Care Antibacterial Mouthwash | 500mL
Nivea Men Deep Aerosol Antiperspirant Deodorant | 250mL
Colgate Advanced Whitening Toothpaste | 115g
Oral B 3D White  2 In 1 Whitening Strengthens Enamel Paste | 110g
Nurofen Zavance Fast Pain Relief 200mg Ibuprofen Liquid Capsules | 20 pack
Swisspers Cotton Round Make Up Pads | 80 pack
Nivea Men Cool Kick Aerosol Antiperspirant Deodorant | 250mL
Dove Beauty Bar Regular | 4 pack
Nivea Black & White Clear Invisible Aerosol Antiperspirant Deodorant | 250mL
Panadol Paracetamol Pain Relief Tablets | 20 pack
Oral-B Gum Care & Sensitivity Repair Toothpaste | 110g
Colgate Triple Action Toothpaste | 80g
Coles Cotton Wool Tips Paper Stem | 400 pack
Nivea Men Invisible Black And White Power Aerosol Antiperspirant Deodorant | 250mL
Coles Antibacterial Hand Wash Lime Fresh | 1L
Colgate Triple Action Toothpaste | 165g
Swisspers Cotton Tips Paperstems | 400 pack
Nivea Rich Nourishing Body Lotion | 400mL
Coles Dental Flossers | 30 pack
Coles Antibacterial Hand Wash Refill Aloe Vera & Chamomile | 1L
Panadol Mini Caps for Pain Relief Paracetamol 500mg | 20 pack
Palmolive Anti-Stress Shower Gel | 500mL
Coles Cotton Wool Tips Paper Stem | 200 pack
Libra Goodnights Extra Long With Wings Pads | 10 pack
Panadol Optizorb Paracetamol Caplets | 20 pack
Rexona Women Antiperspirant Aerosol Deodorant Sexy Bouquet | 250mL
Oral B Gum Care & Breath Purify Toothpaste | 110g
Coles Ibuprofen Tablets 200mg | 24 pack
Swisspers Cotton Tips Paperstems | 120 pack
U by Kotex Cotton Ultrathin Pads Overnight With Wings | 8 pack
Coca-Cola Classic Soft Drink Bottle | 1.25L
Moccona Espresso Style Bold & Intense Instant Coffee | 200g
Moccona Classic Dark Roast Instant Coffee | 200g
Moccona Classic Medium Roast Instant Coffee | 200g
St Remio Coffee Expressi/Caffitaly Compatible Classic Capsules | 10 pack
Just Juice Paradise Punch Juice Multipack 200mL | 6 pack
Just Juice Apple Blackcurrant Juice Multipack 200mL | 6 pack
Just Juice Orange Mango Juice Multipack 200mL | 6 pack
Just Juice Orange Juice Multipack 200mL | 6 pack
Just Juice Apple Juice Multipack 200mL | 6 pack
Schweppes Zero Sugar Solo Soft Drink | 24 pack
Coles Spring Water 24X600Ml | 24 pack
Coles Natural Spring Water | 1.5L
Coles Natural Mineral Water | 1.25L
Coles Australian Full Cream Long Life Milk | 1L
Coles Soda Water | 1.25L
Coca-Cola No Sugar Soft Drink Bottle | 1.25L
Powerade ION4 Berry Ice Sports Drink Sipper Cap | 600mL
Raw C Pure Natural Coconut Water | 1L
Powerade ION4 Mountain Blast Sports Drink Sipper Cap | 600mL
Lipton Peach Ice Tea | 1.5L
Mount Franklin Spring Water Bottle | 600mL
Coca-Cola No Sugar Soft Drink Multipack Mini Cans 6x250mL | 6 pack
Pump Spring Water Bottle | 750mL
Sanitarium So Good Long Life Unsweetened Almond Milk | 1L
Cocobella Coconut Water Straight Up | 1L
Coles Australian Lite Long Life Milk | 1L
Coca-Cola Classic Soft Drink Multipack Mini Cans 6x250mL | 6 pack
Coca-Cola No Sugar Soft Drink Bottle | 2L
Coles Water 12x600mL | 12 pack
Coca-Cola No Sugar Soft Drink Bottle | 600mL
Coles Natural Spring Water 350mL | 24 pack
Coca-Cola Classic Soft Drink Bottle | 600mL
Coca-Cola Classic Soft Drink Bottle | 2L
Mount Franklin Lightly Sparkling Water Natural | 1.25L
Devondale Full Cream Long Life Milk | 1L
Nudie Pulp Oranges Juice Chilled | 2L
Frantelle Natural Spring Water 600ml | 24 pack
Pepsi Max Soft Drink | 2L
Red Bull Energy Drink Single Can | 250mL
Coca-Cola No Sugar Soft Drink Can | 250mL
Mount Franklin Lightly Sparkling Water Lime | 1.25L
Coca-Cola No Sugar Soft Drink Multipack Cans 24 x 375mL | 24 pack
Coles Spring Water 8x1.5L | 8 pack
Sanitarium So Good Long Life Regular Soy Milk | 1L
Coca-Cola Classic Soft Drink Can | 250mL
Mount Franklin Spring Water Bottle | 1L
Mount Franklin Sparklin Water Natural Bottle | 450mL
Vitasoy UHT Oat Milk | 1L
Coles Lactose Free Long Life Full Cream Milk | 1L
Lipton Lemon Ice Tea | 1.5L
Coca-Cola Classic Soft Drink Multipack Bottles 12 x 300mL | 12 pack
Coles Water Spring Natural | 600mL
Mount Franklin Lightly Sparkling Water Lemon | 1.25L
Coles Apple Juice | 2L
Sprite Lemonade Soft Drink Bottle | 1.25L
Coles Lactose Free UHT Low Fat Milk | 1L
Coca-Cola No Sugar Soft Drink Multipack Bottles 12 x 300mL | 12 pack
Coles RSPCA Approved Chicken Breast Fillets Large Pack | approx 1.4kg
Huon Premium Fresh Tasmanian Salmon Portions Skin On 2 pack | 280g
Primo Gourmet World Flavours German Bratwurst Sausage | 450g
Primo Gourmet World Flavours South African Boerewors | 450g
Primo Gourmet Beef & Pork Chorizo Sausage | 450g
Primo Pork With Caramelised Garlic Chives Sausages | 450g
Primo Gourmet Caramelised Onion Pork Sausage | 450g
Huon Premium Fresh Tasmanian Salmon Portions Skin Off 2 Pack | 280g
Huon Premium Cold Smoked Salmon | 100g
Primo Beef With Cracked Black Pepper | 450g
Coles Beef 5 Star Extra Lean Mince | 500g
Coles RSPCA Approved Free Range Chicken Breast Large Pack | approx 1.25kg
Coles RSPCA Approved Chicken Thigh Fillets Large Pack | approx 1.2kg
Coles Beef 4 Star Lean Mince | 500g
Coles RSPCA Approved Chicken Drumsticks Large Pack | approx 1.6kg
Coles Beef 3 Star Regular Mince      | 500g
Coles Beef 4 Star Lean Mince | 800g
Coles RSPCA Approved Chicken Breast Fillets Small Pack | approx 600g
Coles Tasmanian Salmon Portions Skin On | 460g
Coles Pork & Beef 3 Star Mince Bolognese | 500g
Coles RSPCA Approved Chicken Thigh Fillets Small Pack | approx 700g
Coles Pork Regular Mince | 500g
Coles Beef 3 Star Regular Mince | 1kg
Coles RSPCA Approved Free Range Chicken Thigh Large Pack | approx 1.25kg
Coles Beef Eye Fillet Steak | approx 450g
Coles RSPCA Approved Chicken Wing Nibbles | approx 1.1kg
Coles Deli Fresh Tasmanian Salmon Portions Skin On | approx 200g
Coles RSPCA Approved Chicken Tenderloins | approx 600g
Coles Free Range RSPCA Approved Chicken Drumsticks | approx 1.4kg
Coles RSPCA Approved Free Range Chicken Breast Fillet Small Pack | approx 600g
Farms Beef Mince Family Pack | approx 1.9kg
Coles Bulk Lamb Cutlets Rr 11x9 | approx 775g
Coles Extra Lean Pork Mince | 500g
Coles Beef Scotch Steak Fillet 2 Pack | 480g
Coles Beef Gravy | approx 608g
Coles RSPCA Approved Chicken V Wings | approx 1.1kg
Coles No Added Hormone Beef Sandwich Steak | 400g
Lilydale Free Range Chicken Breast Fillets Bulk Pack  | approx 1kg
Coles No Added Hormone Beef Quick Cook Scotch Fillet Steak | 170g
Coles Deli Thawed Australian Msc Raw King Prawns | approx 250g
Coles RSPCA Approved Free Range Chicken Wing Nibbles | approx 600g
Coles RSPCA Approved Free Range Chicken Tenderloins | approx 600g
Coles RSPCA Approved Chicken Mince | 500g
Coles The Original Beef Sausages | 550g
Coles RSPCA Approved Free Range Chicken Whole | approx 1.6kg
Coles Lamb Cutlets | approx 320g
Coles No Added Hormone Beef Scotch Fillet Thin Sliced | 400g
Coles Beef Stir Fry Strips | 500g
Coles RSPCA Approved Medium Whole Chicken | approx 1.65kg
Coles Pork Spare Ribs | approx 950g
Coles Beef Rump Steak | approx 844g
Coles Tasmanian Salmon Portions Skin Off | 460g
Coles Beef Rump Steak | approx 488g
Coles Pork Loin Chops | approx 887g
Coles Beef Quick VSP Porterhouse Steak | 180g
Coles Quick Cook Pork Belly Slices | 350g
Coles Beef Sizzle Steak | 400g
Fresh Bananas | approx 180g
Coles Hass Avocados | 1 each
Fresh Strawberries Prepacked | 250g
Coles Blueberries Prepacked | 125g
Coles Raspberries | 125g
Coles White Seedless Grapes Loose | approx 800g
Coles Lebanese Cucumbers | approx 210g
Coles Greenhouse Truss Tomatoes | approx 140g
Coles Blackberries | 170g
Coles Grape Perino Tomatoes Prepacked | 200g
Coles Red Cherries Loose | approx 400g
Coles Carrots Prepacked 1Kg | 1 each
Coles Broccoli | approx 340g
Coles Yellow Nectarines | approx 150g
Coles White Nectarines | approx 150g
Fresh Brown Onions Loose | approx 180g
Coles Red Capsicum | approx 200g
Coles Honey Gold Mangoes Medium | 1 each
Coles White Peaches | approx 150g
Coles Seedless Watermelon Cut | approx1.99 kg
Coles Medium Lemons | 1 each
Coles Red Onions Loose | approx 200g
Coles Yellow Peaches | approx 150g
Coles Brown Onions | 1kg
Coles Iceberg Lettuce | 1 each
Coles Sweet Corn Prepacked | 4 pack
Coles Continental Cucumbers Loose | 1 each
Coles Pink Lady Apples | approx 200g
Coles Green Zucchini | approx 260g
Coles Spring Onions | 1 bunch
Fresh Medium Navel Oranges | approx 180g
Coles Sweet Corn | 1 each
Coles Baby Cucumbers | 250g
Coles Carrots Loose | approx 170g
Coles Sweet Gold Potatoes Loose | approx 350g
Coles Kids Pack Bananas | 750g
Coles Baby Broccoli | 1 each
Coles Creme Gold Washed Potatoes Loose | approx140g
Coles Fresh Loose Cup Mushrooms | approx 200g
Coles Lychees Loose | approx 20g
Fresh Granny Smith Medium Apples | approx 170g
Coles Sleeved Herbs Coriander | 1 each
Coles Creme Royale Brushed Potatoes loose | approx 200g
Coles Field Tomatoes Loose | approx 110g
Coles Cup Mushrooms | 500g
Coles Medium Calypso Mangoes | 1 each
Coles Garlic loose | approx 60g
Coles Roma Tomatoes Loose | approx 100g
Tip Top The One White Sandwich Bread | 700g
Tip Top Sandwich Thins Lightly Seeded | 240g
Tip Top Thins Wholemeal Sandwich | 240g
Tip Top Original Thins Sandwich | 240g
Genius Gluten Free Soft Brioche Rolls | 2 pack
Genius Gluten Free Crumpets | 4 pack
Genius Gluten Free Farmhouse Soft Brown Bread Loaf | 535g
Genius Gluten Free Triple Seeded Soft Rolls | 2 pack
Burgen Wholemeal & Seeds Bread | 700g
Burgen Prebiotic Wholemeal And Spelt Bread | 700g
Burgen Prebiotic Whole Grain And Quinoa Bread | 700g
Golden Round Crumpets | 6 pack
Tip Top The One White Toast Bread | 700g
Coles Bakery Super Soft Round Rolls | 6 pack
Coles Bakery Croissants 3 Pack | 189g
Helga's Traditional Wholemeal Bread | 750g
Coles Bakery Super Soft Hamburger Rolls | 6 pack
Coles Bakery Rustic Rolls  | 4 pack
Peace Bakery Lebanese Bread White 6 pack | 500g
Wonder White Bread Wholemeal Plus Iron | 700g
Wonder White Bread + Vitamins & Mineral | 700g
Wonder White Bread + Vitamins Toast | 700g
Helga's Mixed Grain Bread | 850g
Coles Hot Cross Buns Traditional Fruit | 6 pack
Coles Bakery Croissants 4 Pack | 168g
Coles Bakery Stone Baked By Laurent Pane Di Casa | 1 each
Coles Mini Chocolate Chip Muffins | 9 Pack
Coles White Bread | 650g
Tip Top Original English Muffins 6 Pack | 400g
Mr Kipling Angel Slice 6 pack | 165g
Coles Hot Cross Buns Traditional Fruit | 6 pack
Golden Crumpet Square 6 pack | 425g
Coles Pain Au Chocolate | 220g
Mr Kipling Lemon Slices 6 Pack | 165g
Coles Turkish Rolls 4 pack | 400g
Coles Bakery Super Soft Hot Dog Rolls | 6 pack
Tip Top 9 Grain Original Bread | 700g
Mr Kipling Chocolate Slices 6 Pack | 155g
Tip Top The One Wholemeal Sandwich Bread | 700g
Tip Top Raisin Toast Bread | 520g
Sauers Bread Turkish | 430g
Coles Soft White Sandwich | 700g
Coles Bakery Apple Fresh Cream Turnover | 1 each
Coles Soft White Toast Loaf | 700g
Coles Hot Cross Buns Fruit Free | 6 pack
Coles Bakery Flatbread White | 6 pack
Helga's Traditional White Bread | 750g
Coles Bakery Tiger Rolls | 6 pack
Coles Wholemeal & Grain Soft Wraps 8 Pack | 360g
Coles Bakery Stone Baked White Sourdough Vienna | 1 each
Coles Finest By Laurent White Sourdough Rolls | 3 pack
Coles Soft Multigrain Sandwich Loaf | 700g
Abbott's Bakery Farmhouse Wholemeal Bread | 750g
Coles Soft Wholemeal Sandwich Loaf | 700g
Coles Hot Cross Buns Traditional Fruit Mini | 9 pack
Coles Soft White Wraps 8 pack | 360g
Coles Bakery Damper Inspired Rolls | 6 pack
Peace Bakery Lebanese Bread Wholemeal 6 pack | 500g
Coles RSPCA Approved Whole Chicken Roast | 1 each
Hans Grazing Platter Hungarian Salami & Onion Relish 140g | 1 each
Hans Grazing Platter Danish Salami Cabanossi & Apricots | 1 each
Hans Charcuterie Platter Sundried Tomato & Basil Salami Smoked Prosciutto Mild Twiggy Sticks | 250g
Hans Hot Twiggy Sticks | 500g
Hans Mild Twiggy Sticks | 500g
Bertocchi Triple Smoked Leg Ham | approx 100g
Coles Silverside | approx 100g
Coles Australian Made Ham On The Bone | approx 100g
Hans Milano Loin Ham | approx 100g
Primo English Sliced Ham | 100g
Hans Devon | approx 100g
Coles Deli Fresh Tasmanian Salmon Portions Skin On | approx 200g
Don Deli Leg Ham | approx 100g
Lilydale Chicken Sage & Onion Roast | 1 each
Don Honey Leg Ham | approx 125g
Primo Middle Bacon Rind On | approx 100g
Primo Champagne Leg Ham | approx 100g
Don Premium Melosi Ham | approx 100g
Primo Short Cut Bacon | 1 kg
Don Virginian Leg Ham Sliced | approx 100g
Primo Gluten Free Thinly Sliced Champagne Leg Ham | 100g
Thomson's Deli Supreme Chicken Breast | approx 100g
Coles Deli Thawed Australian Msc Raw King Prawns | approx 250g
Jarlsberg Regular Cheese Sliced/Shaved | approx 100g
Coles RSPCA Approved BBQ Roasted Chicken Breast | approx 100g
Coles Deli Express Giant Pitted Kalamata Olives | 140g
Primo Double Smoked Hickory Ham | approx 100g
Coles Deli Express Mediterranean Olives | 130g
Don White Hungarian Salami | approx 100g
Coles Deli Primo Cabanossi | 1 each
Primo Chicken Breast Thinly Sliced | 80g
Primo Manuka Honey Leg Ham | 100g
Coles Australian Made Champagne Ham | approx 125g
Primo Gluten Free Thinly Sliced Hungarian Mild Salami | 80g
Primo Short Cut Bacon | approx 250g
Bertocchi Regular Mortadella | approx 100g
Primo Danish Salami | approx 100g
Coles Deli Thawed Basa Fillets | approx 200g
Primo Gluten Free Thinly Sliced Double Smoked Leg Ham | 100g
Paesanella Ricotta Cheese | approx 100g
Thomson'S Deli English Style Ham Quad Pack | 400g
Coles Deli Roast Beef | approx 100g
Primo Gluten Free Thinly Sliced Danish Mild Salami | 80g
Bertocchi Olive Mortadella | approx 100g
Coles Deli Thawed Cooked Vannamei Prawns | approx 250g
Coles Deli Fresh Tasmanian Salmon Portions Skin Off | approx 250g
Coles Deli Thawed Australian MSC Raw Banana Prawns | approx 250g
Coles Deli Thawed Raw Peeled Prawn Meat | approx 250g
Coles Deli Thawed Barramundi Fillets | approx 350g
Coles Bacon Streaky | 200g
Coles BBQ Seasoned Shredded Chicken | approx100g
Arnott's Original Chocolate Tim Tam | 200g
Moccona Classic Medium Roast Instant Coffee | 200g
Moccona Espresso Style Bold & Intense Instant Coffee | 200g
Moccona Classic Dark Roast Instant Coffee | 200g
St Remio Coffee Expressi/Caffitaly Compatible Classic Capsules | 10 pack
Rapid Loss High Protein Meal Replacement Vanilla | 672g
Rapid Loss Gluten Free Chocolate Meal Replacement Shake | 740g
Rapid Loss Gluten Free Banana Meal Replacement Shake | 740g
Hellmann's Real Mayonnaise | 400g
Hellmann's Real Mayonnaise | 400g
Best Foods Real Mayonnaise Jar | 810g
Cheezels Original Cheese Snacks | 125g
Kellogg's Nutri-Grain Protein Breakfast Cereal | 470g
Arnott's Jatz Original Biscuits | 225g
John West Tempters Tuna in Olive Oil | 95g
Coles Italian Diced Tomatoes | 400g
Kellogg's Nutri-Grain Protein Breakfast Cereal | 765g
Arnott's Scotch Finger Biscuits | 250g
Oreo Creme Biscuits Original | 133g
Arnott's Original BBQ Shapes | 175g
Doritos Corn Chips Supreme Cheese Share Pack | 170g
Arnott's Original Pizza Shapes | 190g
Sanitarium Weet-Bix Breakfast Cereal | 1.2kg
Nestle KitKat Milk Chocolate Bar | 45g
Sunrice Medium Grain White Rice | 5kg
Arnott's Tim Tam Double Coat Chocolate Biscuits | 200g
Sanitarium Up&Go Choc Ice Cereal 6X250mL | 1.5L
Indomie Fried Mi Goreng Instant Noodles 5 Pack  | 85g
Zooper Dooper 8 Cosmic Flavours Water Ice 70mL Tubes | 24 pack
Coles Ultimate Cookies 40% Choc Chip | 400g
John West Tempters Tuna Chunks in Springwater | 95g
Ritz Original Crackers | 300g
Coles Corn Kernels | 420g
Arnott's Chicken Crimpy Shapes | 175g
Mars Chocolate Bar with Nougat & Caramel | 47g
Coles White Plain Flour | 1Kg
Sirena Tuna in Oil Italian Style | 95g
John West Tempters Chilli Tuna | 95g
Red Rock Deli Potato Chips Sweet Chilli And Sour Cream | 165g
Cadbury Dairy Milk Chocolate Block | 180g
Coles Chick Peas | 420g
Maltesers Milk Chocolate Snack & Share Bag | 140g
Real Foods Original Corn Thins | 150g
Pringles Minis Sour Cream & Onion Potato Chips 5 pack | 95g
Snickers Chocolate Bar Peanuts Caramel Nougat | 44g
Red Rock Deli Honey Soy Chicken Potato Chips | 165g
Sanitarium Weet Bix Breakfast Cereal | 575g
Cobs Popcorn Sea Salt 5 Pack | 65g
Smith's Crinkle Cut Original Potato Chips | 170g
Coles Italian Passata Sauce | 700g
La Espanola Extra Virgin Olive Oil | 1L
Arnott's Mint Slice Chocolate Biscuits | 200g
Eclipse Spearmint Sugar Free Mints Tin | 40g
Coles Long Grain Rice | 1kg
Coles Basmati Rice | 1kg
Arnott's Original Salada | 250g
Arnott's Original Cruskits | 125g
Kellogg's Coco Pops Chocolatey Breakfast Cereal | 650g
