Bananas,Fruit
Hass Avocados,Fruit
Strawberries Prepacked,Fruit
Blueberries Prepacked,Fruit
Raspberries,Fruit
White Seedless Grapes,Fruit
Lebanese Cucumbers,Fruit
Greenhouse Truss Tomatoes,Fruit
Blackberries,Fruit
Red Cherries,Fruit
Grape Perino Tomatoes Prepacked,Fruit
Carrots,Fruit
Broccoli,Fruit
Yellow Nectarines,Fruit
White Nectarines,Fruit
Honey Gold Mangoes Medium,Fruit
Brown Onions,Fruit
Red Capsicum,Fruit
White Peaches,Fruit
Seedless Watermelon Cut,Fruit
Yellow Peaches,Fruit
Red Onions,Vegetables
Medium Lemons,Vegetables
Iceberg Lettuce,Vegetables
Brown Onions,Vegetables
Continental Cucumbers,Vegetables
Sweet Corn Prepacked,Vegetables
Pink Lady Apples,Vegetables
Green Zucchini,Vegetables
Spring Onions,Vegetables
Sweet Corn,Vegetables
Baby Cucumbers,Vegetables
Medium Navel Oranges,Vegetables
Carrots,Vegetables
Sweet Gold Potatoes,Processed
Kids Pack Bananas,Processed
Lychees,Processed
Baby Broccoli,Processed
Creme Gold Washed Potatoes,Processed
Fresh Loose Cup,Processed
Granny Smith Medium Apples,Processed
Sleeved Herbs Coriander,Processed
Creme Royale Brushed Potatoes loose,Processed
Field Tomatoes,Processed
Garlic loose,Processed
Roma Tomatoes,Processed
Medium Calypso Mangoes,Processed
Baby Cos Lettuce,Processed
